page_number,extracted_urls
1,/-/es/Computadora-port%C3%A1til-pantalla-retroiluminado-A515-43-R19L/dp/B07RF1XD36
1,/-/es/L210MA-DB01/dp/B081V6W99V
1,/-/es/F512JA-AS34-VivoBook-port%C3%A1til-i3-1005G1-retroiluminado/dp/B0869L1326
1,/-/es/pantalla-procesador-Windows-82B1000AUS-Phantom/dp/B08BB9RWXD
1,/-/es/HP-Chromebook-Computadora-port%C3%A1til-pulgadas/dp/B08529TZMC
1,/-/es/Samsung-Galaxy-Tablet-10-4-Wi-Fi/dp/B08GHVSGMQ
1,/-/es/CP311-2H-C679-Acer-Chromebook-Spin/dp/B086MBQKH2
1,/-/es/Acer-Nitro-generaci%C3%B3n-retroiluminado-AN515-54-5812/dp/B08H2H89K1
1,/-/es/procesador-i5-1135G7-generaci%C3%B3n-almacenamiento-15-dy2021nr/dp/B08KGZ79N6
1,/-/es/pantalla-procesador-Graphics-estrecho-81W0003QUS/dp/B0862269YP
1,/-/es/Android-Octa-Core-Processor-Storage-ZA5T0300US/dp/B083JXPDL5
1,/-/es/Octa-Core-retroiluminado-dactilares-integrado-SF314-42-R9YN/dp/B086KKKT15
1,/-/es/Lenovo-Chromebook-2-en-1-Laptop-convertible/dp/B07GM2J11Q
1,/-/es/port%C3%A1til-pantalla-procesador-Graphics-81X20005US/dp/B086226DDB
1,/-/es/TC-895-UA92-Desktop-procesador-i5-10400-802-11ax/dp/B088X2YR3X
1,/-/es/Leopard-pulgadas-pantalla-delgado-i7-10750H/dp/B085B3GFRL
1,/-/es/Chromebook-procesador-incorporado-integrados-82B80006UX/dp/B086383HC7
1,/-/es/Computadora-port%C3%A1til-Acer-Aspire-A515/dp/B087RTV311
1,/-/es/BR6933/dp/B07VZ39199
1,/-/es/SM-T870NZKAXAR-Samsung-Tableta-Galaxy-S7/dp/B08FBN5STQ
1,/-/es/Pantalla-Procesador-Gr%C3%A1ficos-81W10094US-Negocios/dp/B0872K4XCJ
1,/-/es/Razer-Blade-15-i7-10750H-GeForce/dp/B086MFZBM9
1,/-/es/VivoBook-pantalla-R7-3700U-Graphics-F512DA-NH77/dp/B085344M9Q
1,/-/es/%C3%BAltimo-modelo-pulgadas-MR7F2LL-renovado/dp/B07D3DDJ4L
2,/-/es/port%C3%A1til-HP-14-Chromebook-Bluetooth/dp/B07L52KX7B
2,/-/es/HP-Computadora-pulgadas-A9-9425-24-f0020/dp/B0849GZCQR
2,/-/es/K105-X11-MIX-2/dp/B083BGRNMZ
2,/-/es/Chromebook-pantalla-MediaTek-gr%C3%A1ficos-ZA6F0031US/dp/B0856QVM2F
2,/-/es/TC-895-UA91-Desktop-procesador-i3-10100-802-11ax/dp/B088X29HF6
2,/-/es/Microsoft-Surface-Pro-7-Platino/dp/B07YNJGMH6
2,/-/es/iBUYPOWER-Desktop-Revolt-9330-i5-10600K/dp/B08FPT92JD
2,/-/es/Port%C3%A1til-Stream-pulgadas-Intel-Celeron/dp/B0886JS35F
2,/-/es/procesador-pantalla-antirreflejos-pulgadas-22-df0022/dp/B08BXB1N1V
2,/-/es/Chromebook-port%C3%A1til-pantalla-procesador-81JW0000US/dp/B07GLV1VC7
2,/-/es/tel%C3%A9fono-llamadas-desbloqueado-SM-T295-internacional/dp/B07XC3CW4G
2,/-/es/C24-963-UA91-pantalla-i3-1005G1-802-11ac-inal%C3%A1mbricos/dp/B088HFS3M5
2,/-/es/Laptop-Pavilion-Pentium-Silver-Windows/dp/B0894DBTRV
2,/-/es/IdeaPad-i5-1035G1-pulgadas-port%C3%A1til-pantalla/dp/B08NXSJVCR
2,/-/es/Samsung-SM-T290NZKAXAR-Galaxy-Android-Tablet/dp/B07VDB92RK
2,/-/es/Samsung-Galaxy-10-4-pulgadas-rosada-SM-P610NZIAXAR/dp/B086Z4CY5V
2,/-/es/Dell-Inspiron-Desktop-3880-generaci%C3%B3n/dp/B08BS5LW7X
2,/-/es/Apple-pulgadas-port%C3%A1til-Dual-Core-Bluetooth/dp/B07BZF4MYM
2,/-/es/AN515-54-5812-Acer/dp/B086KJBKDW
2,/-/es/Apple-9-7inch-32GB-Modelo-Renovado/dp/B074PWW6NS
2,/-/es/i7-9750H-GeForce-Gigabit-Windows-FX505GT-AB73/dp/B08KH2Q1FG
2,/-/es/Apple-iPad-versi%C3%B3n-reciente-reacondicionado/dp/B06XT8K96M
2,/-/es/Samsung-Galaxy-Tab-S7-Wifi/dp/B08FBP36TS
2,/-/es/IdeaCentre-Todo-en-Uno-Procesador-Integrados-F0EW005SUS/dp/B089N4WC3L
3,/-/es/Samsung-5100mAh-bater%C3%ADa-SM-T290-internacional/dp/B07XJZ7VQD
3,/-/es/dp/B08QV7KMQZ
3,/-/es/GF75-Thin-10UEK-029-i7-10750H-RTX3060/dp/B08SWJT5Q2
3,/-/es/MD760LL-pulgadas-port%C3%A1til-Dual-Core-Bluetooth/dp/B01LZORCUR
3,/-/es/Acer-Predator-Helios-300-Computadora/dp/B08842D7JS
3,/-/es/ASUS-UX534FTC-AS77-ZenBook-Ordenador-compatible/dp/B0869JVMLY
3,/-/es/port%C3%A1til-almacenamiento-pantalla-Microsoft-14-fq0040nr/dp/B08CM17RPZ
3,/-/es/SAMSUNG-XE310XBA-K02US-Chromebook-Celeron-Processor/dp/B07XL4JHXR
3,/-/es/MatrixPad-pulgadas-almacenamiento-procesador-operativo/dp/B0869DPZJ3
3,/-/es/Skytech-Archangel-Gaming-Computer-Desktop/dp/B088W1QJP1
3,/-/es/dy1043dx/dp/B08BMLZKL2
3,/-/es/Apple-IPad-WI-FI-Espacio-Renovado/dp/B07GSL21XV
3,/-/es/ThinkPad-E15-empresarial-i5-10210U-Computadoras/dp/B08726QFRM
3,/-/es/Dell-Inspiron-3583-port%C3%A1til-Celeron/dp/B08HSNRFTX
3,/-/es/Apple-MacBook-MQD32LL-13-3-pulgadas/dp/B078H42W49
3,/-/es/Dell-Optiplex-7010-Professional-reacondicionada/dp/B01LKOZEF0
3,/-/es/Laptop-pulgadas-generaci%C3%B3n-bater%C3%ADa-Thunderbolt/dp/B082XQR86P
3,/-/es/Samsung-Galaxy-Tab-A7-Snapdragon/dp/B08P3Z1FJV
3,/-/es/SAMSUNG-XE350XBA-K01US-Chromebook-Celeron-Procesador/dp/B07XW266D9
3,/-/es/Port%C3%A1til-Inspiron-procesador-c%C3%A1mara-Bluetooth/dp/B08HY7KWJ6
3,/-/es/MJVM2LL-pulgadas-Graphics-reacondicionamiento-certificado/dp/B01KIIQUFW
3,/-/es/Ordenador-ordenador-generaci%C3%B3n-i5-1035G1-Bluetooth/dp/B082MSPDL8
3,/-/es/ASUS-VivoBook-port%C3%A1til-delgado-ligero/dp/B086QZSLDH
3,/-/es/XDGJH-cr-Dell-Chromebook-3120-Negro/dp/B07HMJY8NR
4,/-/es/HP-800-G1-rendimiento-Professional/dp/B07NL4CT8L
4,/-/es/procesador-gr%C3%A1ficos-huellas-digitales-retroiluminado/dp/B087N4ZRXV
4,/-/es/Lenovo-IdeaPad-ComputerAMD-A6-9220e-Microsoft/dp/B081GMHQLR
4,/-/es/Ultrabook-ThinkPad-generaci%C3%B3n-procesador-i7-10510U/dp/B08FRNCPXF
4,/-/es/HP-Pavilion-videojuegos-memoria-GeForce/dp/B08P6MRZBG
4,/-/es/pulgadas-Celeron-Windows-pantalla-Expansi%C3%B3n/dp/B0821ZJBF8
4,/-/es/A315-56-594/dp/B08K3NGK2Z
4,/-/es/port%C3%A1til-14-pulgadas-Celeron-Windows-Personal/dp/B084SKWC89
4,/-/es/15-cs3019nr-Pavilion-pulgadas-Intel-mineral/dp/B085B63QYR
4,/-/es/ASUS-Laptop-ZenBook-Ultra-Slim/dp/B08KH53NKR
4,/-/es/Latitude-E5470-Business-i5-6300U-tarjetas/dp/B07D5N1PFY
4,/-/es/pantalla-t%C3%A1ctil-Microsoft-Surface-2-10-5/dp/B086QQNRT4
4,/-/es/ePaper-Android-frontal-sensor-digital/dp/B08H83GCBT
4,/-/es/Tablet-Microsoft-Surface-pantalla-memoria/dp/B07YNJ5L9Y
4,/-/es/pulgadas-Bluetooth-educaci%C3%B3n-parental-preinstalado/dp/B07RW4ZY39
4,/-/es/IdeaCentre-Procesador-Graphics-Bluetooth-90NT000US/dp/B089N6C6W2
4,/-/es/Tablet-Android-10-0-ultrarr%C3%A1pida-Tablets-8000mAh/dp/B08DK9X3R1
4,/-/es/Chromebook-giratorio-procesador-almacenamiento-14-db0020nr/dp/B07M8QVNKG
4,/-/es/Pantalla-procesador-duraci%C3%B3n-Bluetooth-NP930QCG-K01US/dp/B085D2HHBT
4,/-/es/pantalla-Intel-Pentium-Windows-Scarlet/dp/B08KG2R1GK
4,/-/es/MatrixPad-S30-Octa-Core-almacenamiento-Bluetooth/dp/B083BRVG28
4,/-/es/Chromebook-3120-Dell-renovada-Negro/dp/B0742HZW9B
4,/-/es/Pantalla-Retina-espacio-Refurbished-Certificado/dp/B00X8XB6SG
4,/-/es/Android-pulgadas-procesador-pantalla-Bluetooth/dp/B07WV9SSYQ
5,/-/es/Razer-Blade-Base-Gaming-Laptop/dp/B08SJDNLV8
5,/-/es/EliteDesk-Business-Quad-Core-i5-6500T-multiling%C3%BCe/dp/B07J2SPR49
5,/-/es/sobremesa-pulgadas-procesador-Windows-22-dd0010/dp/B0849P8D69
5,/-/es/Fusion5-14-1inch-A90B-Windows-Laptop/dp/B08GSRRKSR
5,/-/es/Premium-Computer-Quad-Core-802-11ac-Bluetooth/dp/B082NZX92C
5,/-/es/Pavilion-i5-1035G1-pulgadas-pantalla-port%C3%A1til/dp/B087SD98F4
5,/-/es/escritorio-HP-Pro-procesador-Multi-idiomas/dp/B07L7P3XYW
5,/-/es/ASUS-ROG-Zephyrus-i7-10750H-retroiluminaci%C3%B3n/dp/B08DDGJQDW
5,/-/es/Tableta-K10-pulgadas-procesador-pantalla/dp/B082B46ZFK
5,/-/es/i7-10510U-innovador-ScreenPad-Celestial-UX481FA-DB71T/dp/B086P6THG6
5,/-/es/MatrixPad-almacenamiento-procesador-Bluetooth-actualizaci%C3%B3n/dp/B08BLGFZBS
5,/-/es/2020-K105-Tablet-MEIZE/dp/B08HM4BJZJ
5,/-/es/Y10-almacenamiento-procesador-Bluetooth-certificaci%C3%B3n/dp/B08CGSML8W
5,/-/es/GE66-Raider-10UH-210-i7-10870H-RTX3080/dp/B08R9GGMBS
5,/-/es/iBUYPOWER-Trace-Computadora-gamer-escritorio/dp/B07V34QQ3C
5,/-/es/Flagship-11A-NB0013DX-Pantalla-Chromebook-procesador/dp/B08D3X9RF6
5,/-/es/MatrixPad-pulgadas-Android-almacenamiento-Quad-Core/dp/B0821B76WY
5,/-/es/Pavilion-Micro-EDGE-i5-9300H-GeForce-15-dk0020nr/dp/B07SC6HG74
5,/-/es/Tableta-aprendizaje-amigable-tabletas-parental/dp/B07Y5WDMBB
5,/-/es/Tronpad-TK701/dp/B08HD5Z4VD
5,/-/es/Windows-Fusion5-FWIN232-Ultra-Tablet/dp/B07HY8X46F
5,/-/es/Razer-Blade-15-i7-10750H-GeForce/dp/B086MGY9TZ
5,/-/es/Ordenador-sobremesa-7020-Quad-Core-i7-4770-3/dp/B07TWJCW6H
5,/-/es/Pantalla-tel%C3%A9fono-desbloqueado-SM-T515-internacional/dp/B07TV96YB6
6,/-/es/Lenovo-Ideapad-Display-Bluetooth-AllyFlex/dp/B08NCWZZGV
6,/-/es/DELL/dp/B08MKXTMK5
6,/-/es/Creator-A10SFS-287-Professional-i7-10875H-Win10PRO/dp/B08DHY3VF6
6,/-/es/GIGABYTE-AORUS-antirreflejos-i7-10870H-XC-8US2430SH/dp/B08V8BXZ6D
6,/-/es/convertible-generaci%C3%B3n-retroiluminado-recargable-SP513-54N-74V2/dp/B086KJCJDM
6,/-/es/MatrixPad-S10-almacenamiento-procesador-preinstalado/dp/B08CX793F5
6,/-/es/IdeaCentre-Ordenador-Todo-en-Uno-integrados-F0EW005TUS/dp/B089N4K38B
6,/-/es/Lenovo-IdeaPad-port%C3%A1til-memoria-GeForce/dp/B08N5TQD6M
6,/-/es/Skytech-Chronos-Gaming-PC-Desktop/dp/B08M6F6NN3
6,/-/es/Samsung-Galaxy-tarjeta-memoria-microSD/dp/B08NMW6V9Q
6,/-/es/Dell-Computadora-Port%C3%A1til-t%C3%A1ctil-XPS/dp/B08LKTW8WP
6,/-/es/port%C3%A1til-retroiluminada-procesador-reuniones-Bluetooth/dp/B08X1D9WWJ
6,/-/es/yoga-14/dp/B08LGP41CW
6,/-/es/Apple-iPad-WiFi-espacial-modelo/dp/B074PXS24F
6,/-/es/procesador-Celeron-Bluetooth-Microsoft-accesorios/dp/B08QXJM323
6,/-/es/Acer-port%C3%A1til-gr%C3%A1ficos-retroiluminado-Accesorios/dp/B08B3S21WQ
6,/-/es/SkyTech-Computadora-escritorio-videojuegos-n%C3%BAcleos/dp/B07RG8KM2C
6,/-/es/Apple-iPad-10-2-pulgadas-Wi-Fi/dp/B08264XHCZ
6,/-/es/Pantalla-pulgadas-procesador-Bluetooth-renovado/dp/B08F3TNHFJ
6,/-/es/Pavilion-convertible-i5-1035G1-Bluetooth-dactilares/dp/B08B3X4L95
6,/-/es/Pavilion-X360-convertible-generaci%C3%B3n-i3-1005G1/dp/B08CDTP2Q1
6,/-/es/convertible-Ultrabook-procesador-compatible-extensi%C3%B3n/dp/B07RQ846B9
6,/-/es/Apple-iPad-Mini-4-restaurado/dp/B07CFWLW3G
6,/-/es/Android-pulgadas-pantalla-procesador-n%C3%BAcleos/dp/B087BC4DJH
7,/-/es/Computadora-HP-Stream-procesador-Bluetooth/dp/B07WZHW2J3
7,/-/es/GL10DH-Desktop-GeForce-Windows-GL10DH-AH762/dp/B07X1TZT85
7,/-/es/ENVY-port%C3%A1til-procesador-retroiluminado-Nightfall/dp/B08966H6XJ
7,/-/es/MacBook-pulgadas-MF840LL-memoria-renovada/dp/B077QWM132
7,/-/es/Venturer-Wonder-Android-parachoques-almacenamiento/dp/B08Q3MV7P6
7,/-/es/Aspire-ordenador-port%C3%A1til-retroiluminado-Bluetooth/dp/B089FBPRJK
7,/-/es/Thinkpad-E15-Parent-Negro-teclado/dp/B086MTSCLQ
7,/-/es/Laptop-Alienware-pulgadas-i7-10750H-generaci%C3%B3n/dp/B0897ZBRQR
7,/-/es/Computadora-Chromebook-CB1C13-procesador-operativo/dp/B084YQ7BFZ
7,/-/es/HP-port%C3%A1til-14-fq0032ms-estudiantes-procesador/dp/B08QHH5BZR
7,/-/es/RZ09-0367BEC3-R3U1/dp/B08SJJ9MQ5
7,/-/es/Pantalla-procesador-duraci%C3%B3n-operativo-NP930XCJ-K01US/dp/B085D2LBNM
7,/-/es/aprendizaje-educaci%C3%B3n-aplicaciones-pre-instalado-contenido/dp/B07Z471PT7
7,/-/es/Chromebook-pulgadas-integrados-almacenamiento-11a-na0010nr/dp/B08HJT1BKQ
7,/-/es/MacBook-pulgadas-port%C3%A1til-i5-5250U-principios/dp/B07FTQMMGH
7,/-/es/NVIDIA-Jetson-Xavier-desarrolladores-812674024318/dp/B086874Q5R
7,/-/es/MatrixPad-S20-Procesador-Octa-Core-Bluetooth/dp/B083J7DVY1
7,/-/es/ASUS-Chromebook-Flip-C434-procesador/dp/B07Q2RB6BY
7,/-/es/Microsoft-Quad-Core-i5-1035G4-reciente-PVQ-00001/dp/B086H458K2
7,/-/es/pulgadas-Bluetooth-educaci%C3%B3n-parental-preinstalado/dp/B087P29Y6P
7,/-/es/ThinkCentre-M93p-Business-Desktop-renovado/dp/B07PV4F3Q9
7,/-/es/Apple-Cellular-Space-Modelo-Renovado/dp/B078J5K6MD
7,/-/es/A115-31-C2Y3-pantalla-802-11ac-duraci%C3%B3n-Microsoft/dp/B086XXW87C
7,/-/es/Samsung-Galaxy-Lite-Tablet-Oxford/dp/B08G8T6G78
8,/-/es/Port%C3%A1til-procesador-i7-1065G7-generaci%C3%B3n-Wireless-AC/dp/B081K9QZDF
8,/-/es/HP-15-Athlon-Gold/dp/B08RCW9PNH
8,/-/es/Voyager-Android-Tablet-almacenamiento-RCT6876Q22N00/dp/B08MT48RFX
8,/-/es/Apple-iPad-generaci%C3%B3n-Wi-Fi-128/dp/B07BKBB4N5
8,/-/es/Ideapad-pantalla-procesador-i5-9300H-81LK00HDUS/dp/B07VC55LF5
8,/-/es/Dell-Latitude-7480-reacondicionado-certificado/dp/B077FGWRY4
8,/-/es/FX505DT-Laptop-procesador-R5-3550H-gr%C3%A1ficos/dp/B07VBK4SYS
8,/-/es/MatrixPad-S8-Kids-Tablet-preinstalado/dp/B08DHRX9JN
8,/-/es/Skytech-Chronos-Gaming-PC-Desktop/dp/B08WVWPW14
8,/-/es/iPad-6/dp/B07HRYDNLZ
8,/-/es/Acer-Chromebook-pantalla-integrado-CB314-1H-C884/dp/B0858N8CGX
8,/-/es/C523NA-DH02/dp/B07HS2RCKG
8,/-/es/Samsung-Chromebook-Plus-port%C3%A1til-XE520QAB-K03US/dp/B07J215RPT
8,/-/es/Dell-Inspiron-retroiluminaci%C3%B3n-procesador-Wireless-AC/dp/B081FGHNBL
8,/-/es/Aspire-Laptop-pantalla-pulgadas-Ryzen/dp/B07Z11X58J
8,/-/es/NVIDIA-Jetson-Xavier-para-desarrolladores/dp/B083ZL3X5B
8,/-/es/VCT9T48Q34RBM-Quad-Core-almacenamiento-Bluetooth-desmontable/dp/B08PHL7NLF
8,/-/es/A515-56-50RS-pantalla-i5-1135G7-digitales-retroiluminado/dp/B08PG4W932
8,/-/es/dp/B086MF1Q88
8,/-/es/tel%C3%A9fono-llamadas-desbloqueado-SM-T295-internacional/dp/B07XF94PHV
8,/-/es/HP-14-LAPTOP/dp/B08NHSVG6W
8,/-/es/PriorPad-pulgadas-pantalla-almacenamiento-Bluetooth/dp/B08P4WWH2Q
8,/-/es/Microsoft-Surface-Duo-desbloqueado-Glacier/dp/B08J3N1R8C
8,/-/es/NanoEdge-i7-1165G7-NumberPad-Thunderbolt-UX425EA-EH71/dp/B08KH9SX3G
9,/-/es/K105/dp/B07VB2ZWNC
9,/-/es/Apple-iPad-Mini-4-restaurado/dp/B0792D11TB
9,/-/es/Windows-FWIN232-Fusion5-almacenamiento-Professional/dp/B08N1J45YP
9,/-/es/5502/dp/B08NH5R398
9,/-/es/Lenovo-ThinkPad-Ordenador-port%C3%A1til-i5-10210U/dp/B08286CQNH
9,/-/es/Chromebook-pulgadas-Mediatek-Bluetooth-tarjetas/dp/B07Q36QYGW
9,/-/es/SF314-59-75QC/dp/B08JQJ5RKK
9,/-/es/Max10-Procesador-Octa-Core-almacenamiento-tabletas/dp/B086PNGFGT
9,/-/es/ASUS-E410-Intel-Celeron-N4020/dp/B08R6B218S
9,/-/es/SM-T290NZSCXAR/dp/B07YN8ZVJH
9,/-/es/MacBook-MJVE2LL-Laptop-1-6GHz-Renovado/dp/B079H86JGH
9,/-/es/Performance-Business-Computer-inal%C3%A1mbrico-Professional/dp/B074T2L4CC
9,/-/es/ASUS-VivoBook-retroiluminado-port%C3%A1til-Premium/dp/B08V1NQ8S9
9,/-/es/Lenovo-Flex-3-Chromebook/dp/B08NCVDCD6
9,/-/es/HP/dp/B08R8T15ZM
9,/-/es/GS66-Stealth-10SE-442-port%C3%A1til-i7-10875H/dp/B0895Q3HW5
9,/-/es/Intel-generaci%C3%B3n-i3-1005G1-3-4GHz-port%C3%A1til/dp/B089T6C53P
9,/-/es/Port%C3%A1til-Latitude-E7470-pulgadas-i5-6300U/dp/B07GCRHS5V
9,/-/es/Apple-iPad-10-2-pulgadas-Wi-Fi/dp/B084BYDBNK
9,/-/es/Intel-NUC-Mainstream-Kit-NUC8i5BEH/dp/B07GX59NY8
9,/-/es/MatrixPad-S8-pulgadas-almacenamiento-procesador/dp/B0868RQYTC
9,/-/es/81WA00B1US-procesador-retroiluminada-pantalla-antirreflejos/dp/B08NHWVWYR
9,/-/es/HP-EliteBook-840-G3-Pantalla/dp/B07WJVPGYP
9,/-/es/Apple-MacBook-Air-renovado/dp/B08156M1LH
10,/-/es/Lenovo-Legion-Gaming-7-4800H-Phantom/dp/B08Q7BL7N1
10,/-/es/Y88X-Pro-pulgadas-preinstalado-contenido/dp/B07SKW93H7
10,/-/es/Celeron-ordenador-Graphics-Ethernet-Bluetooth/dp/B07KSV7XZY
10,/-/es/HP-Chromebook-Computadora-port%C3%A1til-pulgadas/dp/B08529LPLZ
10,/-/es/EliteDesk-sobremesa-Quad-Core-Professional-multiling%C3%BCe/dp/B08BQ5GZ4F
10,/-/es/Voyager-Android-Tablet-Google-almacenamiento/dp/B08P7WCRDM
10,/-/es/port%C3%A1til-13-3-pulgadas-Personal-tradicional-miniport%C3%A1til/dp/B07P6NRTNW
10,/-/es/Lenovolaptop/dp/B08WHY2HNS
10,/-/es/Samsung-Galaxy-Active-resistente-Tablet/dp/B07YNJD8J3
10,/-/es/ST-Chronosmini-B-0068/dp/B08CV9KYQT
10,/-/es/Samsung-Galaxy-Wi-Fi-SM-T510-Tablet/dp/B07NR7NXQ6
10,/-/es/MSI-GL63-8SC-059-pulgadas-videojuegos/dp/B0843JCV17
10,/-/es/Q3-Pro-procesador-almacenamiento-certificaci%C3%B3n/dp/B08FC8SLB3
10,/-/es/Lenovo-Yoga-C740-14-FHD-Touch/dp/B08122HHX9
10,/-/es/Computadora-port%C3%A1til-Microsoft-Surface-pulgadas/dp/B07YNK3R68
10,/-/es/ordenador-Quad-Core-procesador-81W1009DUS-Compatible/dp/B08HLD3N5C
10,/-/es/105-blanc/dp/B08BNPH4V1
10,/-/es/HP-ordenador-port%C3%A1til-generaci%C3%B3n-DVD-Writer/dp/B08PCN3MWX
10,/-/es/procesador-i3-5005U-Ethernet-encendido-autom%C3%A1tico/dp/B085RLQN5Z
10,/-/es/1920x1200-procesador-octa-core-almacenamiento-Bluetooth/dp/B08RBL142P
10,/-/es/HP-Ordenador-generaci%C3%B3n-Dual-Core-i3-1005G1/dp/B0829VH8Y7
10,/-/es/GP66-Leopard-10UH-244-i7-10870H-RTX3080/dp/B08SVXYZVX
10,/-/es/EliteDesk-Desktop-3-4Ghz-Windows-Renovado/dp/B07NGVQLD3
10,/-/es/82B8002UUX/dp/B08RMPD837
11,/-/es/Apple-iPad-Mini-4-restaurado/dp/B01L2VGDZQ
11,/-/es/Port%C3%A1til-i7-10750H-ScreenPad-Celestial-UX581LV-XS74T/dp/B08D941WH6
11,/-/es/S150-81VS0001US-port%C3%A1til-pantalla-Bluetooth/dp/B081ZGN8JQ
11,/-/es/Latitude-computadora-10-Professional-reacondicionado-certificado/dp/B077T4MYJY
11,/-/es/Almacenamiento-1024x600-Pantalla-Parental-Playstore/dp/B08L744VCP
11,/-/es/MatrixPad-pulgadas-pantalla-preinstalado-Kid-Proof/dp/B089DCH39Y
11,/-/es/ZenBook-Laptop-Pantalla-t%C3%A1ctil-Platform/dp/B08H6SCT6Q
11,/-/es/Microsoft-pantalla-cubierta-superficie-generaci%C3%B3n/dp/B081XQW8XG
11,/-/es/Samsung-Android-Bluetooth-accesorios-fantasma/dp/B08BCFY8TS
11,/-/es/pulgadas-pantalla-generaci%C3%B3n-bater%C3%ADa-Thunderbolt/dp/B082XQR86N
11,/-/es/HP-port%C3%A1til-pulgadas-procesador-Quad-Core/dp/B08L74Z1YK
11,/-/es/Raider-i7-10750H-RTX2060-17-3-FHD-Windows/dp/B088WG95P5
11,/-/es/EliteDesk-800-Mini-Professional-bits-multi-idioma-ingl%C3%A9s/dp/B07J2TFW5T
11,/-/es/Envy-pantalla-t%C3%A1ctil-port%C3%A1til-Intel/dp/B08996DKMJ
11,/-/es/P31/dp/B08FD4DFLC
11,/-/es/Display-Pentium-Processor-Windows-Scarlet/dp/B08HHT31TS
11,/-/es/HP-Chromebook-Laptop-11-pulgadas/dp/B08H6YZY3Y
11,/-/es/desbloqueado-f%C3%A1brica-espacial-reciente-renovado/dp/B07GY3HBZ9
11,/-/es/Acer-Chromebook-VertiView-i5-10210U-memoria/dp/B08DTJC9N7
11,/-/es/L10-Octa-Core-pantalla-Bluetooth-altavoces/dp/B087P2R369
11,/-/es/ASUS-VivoBook-F412DA-Ordenador-retroiluminaci%C3%B3n/dp/B07W7PWTL5
11,/-/es/3100/dp/B089P36FXC
11,/-/es/Android-Tablet-Bundle-Bumper-Auriculares/dp/B08JWTCWXP
11,/-/es/Lenovo-ThinkCentre-M630e-Desktop-Computer/dp/B07YG3SGHM
12,/-/es/Lenovo-Legion-Y540-Gaming-Laptop/dp/B0892RYBRB
12,/-/es/Chromebook-3120-Dell-renovada-Negro/dp/B07V1W1T8S
12,/-/es/Latitude-i5-6300U-teclado-retroiluminado-renovado/dp/B076QGDQGW
12,/-/es/HeroBook-Pro-pulgadas-ordenador-port%C3%A1til/dp/B08316YSKH
12,/-/es/Celeron-Graphics-14-cb164wm-brillante-renovado/dp/B07XYDZ7QC
12,/-/es/NP767XCM-K01US/dp/B088XYCZ79
12,/-/es/Inspiron-procesador-i3-1005G1-generaci%C3%B3n-Bluetooth/dp/B087ZR3671
12,/-/es/rendimiento-Quad-Core-almacenamiento-Bluetooth-desmontable/dp/B07YYJVDCS
12,/-/es/Zephyrus-GeForce-i7-10875H-Thunderbolt-GX502LXS-XS79/dp/B0876MBLTN
12,/-/es/ASUS-Zephyrus-memoria-GeForce-Moonlight/dp/B088PDB63Z
12,/-/es/Intel-Core-i5-8259U-8GB-256GB/dp/B08T657SM1
12,/-/es/Microsoft-Surface-Intel-versi%C3%B3n-reciente/dp/B078Z37H9T
12,/-/es/VivoBook-Touchscreen-Processor-Fingerprint-J401MA-DB02/dp/B08D63M8BH
12,/-/es/kids707/dp/B085HC7S5F
12,/-/es/HeroBox-procesador-Gemini-Lake-ampliable-pulgadas/dp/B082VZP76P
12,/-/es/KINGPAD-K10/dp/B08T8XZPC1
12,/-/es/HP-2019-14-Laptop-14-CF0014DX/dp/B07KNLVRJ2
12,/-/es/Pavilion-15-Inch-Micro-Edge-i5-9300H-Processor/dp/B08FCQ86F7
12,/-/es/SKW-00001-Microsoft-Surface-Go-3/dp/B086QRVL8P
12,/-/es/MAX10-Plus-resoluci%C3%B3n-procesador-almacenamiento/dp/B08R7K9F5X
12,/-/es/pulgadas-pantalla-protecci%C3%B3n-seguridad-aplicaci%C3%B3n/dp/B07PF26QTL
12,/-/es/Acer-Ordenador-escritorio-procesador-generaci%C3%B3n/dp/B07R8WJMW6
12,/-/es/Chromebook-pulgadas-almacenamiento-port%C3%A1til-renovado/dp/B07P23W6JV
12,/-/es/MatrixPad-S21-pulgadas-Octa-Core-Bluetooth/dp/B0861QVWY5
13,/-/es/Samsung-Chromebook-Celeron-Procesador-Gigabit/dp/B0888FPFGK
13,/-/es/reciente-Dell-Inspiron-pulgadas-Bluetooth/dp/B07Y5P8L5Y
13,/-/es/KingPad-SA10/dp/B08K8FHX6V
13,/-/es/port%C3%A1til-pulgadas-DVD-Writer-Windows-17-ca2020nr/dp/B085YWHS2L
13,/-/es/CoreBox-Windows-sobremesa-Ethernet-decodificaci%C3%B3n/dp/B08M3GZPS3
13,/-/es/MacBook-pulgadas-almacenamiento-espacial-renovado/dp/B08CCKVS59
13,/-/es/Tableta-Samsung-Galaxy-wifi-Negro/dp/B07Q84QRKD
13,/-/es/Android-pulgadas-procesador-pantalla-Bluetooth/dp/B08CS9HG6M
13,/-/es/Razer-Blade-Advanced-Gaming-Laptop/dp/B086M8PQYR
13,/-/es/port%C3%A1til-pantalla-pulgadas-Personal-Accesorios/dp/B08NM1R8GC
13,/-/es/dp/B088H3YKY5
13,/-/es/Utilizado-Well-Chromebook-port%C3%A1til-pulgadas/dp/B08L1S78J6
13,/-/es/InfinityEdge-ordenador-port%C3%A1til-i5-10210U-generaci%C3%B3n/dp/B07ZSFXPZX
13,/-/es/Ordenador-sobremesa-Dell-OptiPlex-3070/dp/B07TTCJB2P
13,/-/es/procesador-ordenador-sobremesa-pantalla-Bluetooth/dp/B08F5BKMFK
13,/-/es/dp/B07YXWWMRL
13,/-/es/AK1-ordenador-Procesador-sobremesa-Ethernet/dp/B07D77W8CZ
13,/-/es/Escritorio-ventilador-ordenador-x5-Z8350-encendido/dp/B07QY8LDGX
13,/-/es/CXI3-UA91/dp/B08951L2W1
13,/-/es/Acepc-Ordenador-port%C3%A1til-pulgadas-Bluetooth/dp/B08KF3XVNH
13,/-/es/MatrixPad-pulgadas-preinstalado-Display-Kid-Proof/dp/B07VFWRVPS
13,/-/es/pulgadas-almacenamiento-procesador-pantalla-Bluetooth/dp/B07V6CTKW1
13,/-/es/Lastest_Acer-Chromebook-estudiantes-Bluetooth-protectora/dp/B08RS6WQ4J
13,/-/es/Inspiron-3583/dp/B08P5ZWCY3
14,/-/es/Microsoft-LGP-00001-Surface-Pro-6/dp/B07HZPCWD8
14,/-/es/CHROMEBOX3-NC356U-Celeron-gr%C3%A1ficos-alimentaci%C3%B3n-estrella/dp/B08GSW7B8H
14,/-/es/VivoBook-port%C3%A1til-procesador-digitales-S513IA-DB51/dp/B088ZVN7HT
14,/-/es/Chromebook-Celeron-1-1GHz-ChromeOS-Renovado/dp/B08BLTMMPL
14,/-/es/HP-pulgadas-estudiantes-Bluetooth-Accesorios/dp/B087WR7LXQ
14,/-/es/ASUS-ROG-Zephyrus-n%C3%BAcleos-i7-10750H/dp/B08DFZHRPX
14,/-/es/Samsung-Galaxy-16GB-Renovado-Blanco/dp/B00M3D7UGY
14,/-/es/ordenador-x5-Z8350-preinstalado-ventilador-Bluetooth/dp/B08BNQLGYM
14,/-/es/ThinkPad-T490-1920x1080-Anti-Glare-Display/dp/B07QHZQG6G
14,/-/es/IdeaPad-3/dp/B08KFMFWZK
14,/-/es/Windows-soporte-Auto-encendido-despu%C3%A9s-alimentaci%C3%B3n/dp/B08BXGS9MT
14,/-/es/YELLYOUTH-port%C3%A1til-pulgadas-pantalla-ordenador/dp/B08LTNSYVV
14,/-/es/MatrixPad-Pulgadas-Procesador-Octa-Core-Bluetooth/dp/B0869BWJ8L
14,/-/es/port%C3%A1til-pantalla-GeForce-i7-10750H-G512LV-ES74/dp/B0865JLXGG
14,/-/es/Surfans-pulgadas-Display-Android-Tablets/dp/B08TZQSL68
14,/-/es/MJLQ2LL-port%C3%A1til-pulgadas-procesador-renovado/dp/B07ZFZ33SK
14,/-/es/dp/B08TMBYZ61
14,/-/es/port%C3%A1til-convertible-procesador-i5-1035G1-81X1004RUS/dp/B0872JDR2M
14,/-/es/14-retroiluminado-rendimiento-empresarial-Wireless-AC/dp/B087N5LKNL
14,/-/es/17-by3063st-port%C3%A1til-pantalla-i3-1005G1-memoria/dp/B08MDMCTHD
14,/-/es/ExpertCenter-sobremesa-i5-10400-Professional-D500SA-AB501/dp/B08FMF8GHL
14,/-/es/Computadora-sobremesa-Optiplex-7010-Quad-Core/dp/B077D4SFMF
14,/-/es/VivoBook-Display-Windows-Fingerprint-TM420IA-DB71T/dp/B08D69XNG1
14,/-/es/Galaxy-Tab-A7-Snapdragon-internacional/dp/B08N2PLF4K
15,/-/es/Samsung-Galaxy-desbloqueado-SM-T727UZKAXAA-negro/dp/B07XZSNQDS
15,/-/es/Intel-BXNUC10i7FNH-i7-10710U-n%C3%BAcleos-Unidad/dp/B083SJCJSV
15,/-/es/tableta-procesador-Octa-Core-almacenamiento-ZA3V0005US/dp/B0881HDRTH
15,/-/es/Chromebook-Google-Pixelbook-Go-i5/dp/B07YMM4YC1
15,/-/es/15-Notebook-6405U-AllyFlex-Mousepad/dp/B08PRZGB5V
15,/-/es/Apple-MacBook-MF839LL-128GB-Storage/dp/B01433Q792
15,/-/es/MICROSOFT-Surface-Laptop-Core-1035G7/dp/B088KV2J71
15,/-/es/Nuevo-Apple-pulgadas-Wi-Fi-renovado/dp/B08L1VD7K9
15,/-/es/ThinkCentre-M900-i5-6500T-refractado-certificado/dp/B07QGLC4FW
15,/-/es/pantalla-generaci%C3%B3n-i7-1165G7-retroiluminado-dactilares/dp/B08W54YSPW
15,/-/es/elitebook-Parent-Renovado-electr%C3%B3nico-Plateado/dp/B082XD5HB5
15,/-/es/ventilador-x5-Z8350-Graphics-ordenador-Windows/dp/B07D9YX3W6
15,/-/es/EliteBook-840-i7-512ssd-reacondicionado-certificado/dp/B07DQVLVVS
15,/-/es/Note3-ePaper-Android-frontal-digital/dp/B08L12FZSK
15,/-/es/ThinkPad-X1-Carbon-Gen-8/dp/B08MDF527B
15,/-/es/Chromebook-entretenido-cualquier-altavoces-Bluetooth/dp/B08NHVXHJW
15,/-/es/HP/dp/B08L3JLFGY
15,/-/es/Lenovo-port%C3%A1til-convertible-pantalla-pulgadas/dp/B087LTKVDH
15,/-/es/NVIDIA-Jetson-Nano-desarrolladores-945-13541-0000-000/dp/B08J157LHH
15,/-/es/Samsung-Galaxy-32GB-Mocha-Verizon/dp/B0863M1KM5
15,/-/es/Elitebook-840-retroiluminado-anti-reflejos-Professional/dp/B07CSQDR4N
15,/-/es/HP-Chromebook-Computadora-port%C3%A1til-pulgadas/dp/B08529CQPK
15,/-/es/VivoBook-pantalla-port%C3%A1til-procesador-Bluetooth/dp/B08B3C643L
15,/-/es/AN5155470KK-pulgadas-NVIDIA-Windows-Laptops/dp/B07PHW7TH4
16,/-/es/Pavilion-pulgadas-Computadora-i5-9400T-24-Xa0032/dp/B07SGH132Y
16,/-/es/Acer-Chromebook-estudiantes-protectora-accesorios/dp/B08MW42MRG
16,/-/es/Samsung-Electronics-Galaxy-Tab-Tablet/dp/B07VGJH29F
16,/-/es/Pavilion-pantalla-port%C3%A1til-i5-8265U-Bluetooth/dp/B081K6MCL3
16,/-/es/Port%C3%A1til-Asus-X512DA-BTS2020RL-15-6-Full/dp/B08G8SJZ2R
16,/-/es/procesador-almacenamiento-pulgadas-seguridad-privacidad/dp/B08KHD3HSZ
16,/-/es/GE75-Raider-10SF-286-i7-10875H-RTX2070/dp/B089656G58
16,/-/es/actualizado-Intel-computadora-escritorio-ventilador/dp/B07VDGJNKB
16,/-/es/RZ09-03102E02-R3U1/dp/B08B47PZJJ
16,/-/es/Microsoft-LGP-00001-Surface-Pro-6/dp/B07HZM3SB8
16,/-/es/Desktop-MGEN2LL-ThunderBolt-Renewed-Memoria/dp/B017A74RW2
16,/-/es/Chromebox-i3-10110U-Alimentaci%C3%B3n-DisplayPort-tarjetas/dp/B08RHYZ2FD
16,/-/es/WQXGA-Ultra-Ligero-Port%C3%A1til-i7-1065G7/dp/B086YDLPQR
16,/-/es/New_Lenovo-generaci%C3%B3n-i5-1035G1-Bluetooth-tarjetas/dp/B08X1NKZVR
16,/-/es/Microsoft-Surface-Pantalla-t%C3%A1ctil-pulgadas/dp/B07YNJ4X2P
16,/-/es/LarkBox-Pro-ordenador-sobremesa-Streaming/dp/B08KCZPQ3P
16,/-/es/20QD/dp/B07VKJTYVT
16,/-/es/Pulgadas-Processor-Certified-Almacenamiento-Bluetooth/dp/B087WSHNF9
16,/-/es/Windows-Fusion5-Tablet-almacenamiento-c%C3%A1maras/dp/B07W6QYX8G
16,/-/es/Ordenador-sobremesa-Dell-OptiPlex-7070/dp/B07TQFS9F8
16,/-/es/Apple-iPad-Pro-10-5-pulgadas-Gris/dp/B078D6S5PX
16,/-/es/Apple-iPad-Mini-generaci%C3%B3n-Wi-Fi/dp/B07SNGYMXK
16,/-/es/Inspiron-pulgadas-memoria-unidad-Windows/dp/B07X3S2PTX
16,/-/es/Dell-Inspiron-3000-15-6-Notebook/dp/B08MRH5RW3
17,/-/es/HP-Chromebook-X9U02UT-Celeron-pulgadas/dp/B01HHB8B9Q
17,/-/es/Lenovo-pulgadas-pantalla-t%C3%A1ctil-port%C3%A1til/dp/B08NV6LT1Q
17,/-/es/HP-Stream-procesador-Dual-Core-almacenamiento/dp/B07RXWCN1Q
17,/-/es/XPS-13/dp/B08H8PSFYX
17,/-/es/ASUS/dp/B08R3K4FWY
17,/-/es/Inspiron-i3793-5841BLK-PUS-generaci%C3%B3n-i5-1035G1-pulgadas/dp/B07TQ5CQ1H
17,/-/es/Azpen-pantalla-almacenamiento-c%C3%A1mara-Bluetooth/dp/B08Q28J2YM
17,/-/es/Lenovo-IdeaPad-port%C3%A1til-memoria-Windows/dp/B08HLD598L
17,/-/es/Convertible-Pantalla-Procesador-i7-1165G7-UX363EA-XH71T/dp/B08KH3BHXY
17,/-/es/ordenador-port%C3%A1til-computadoras-port%C3%A1tiles-X1/dp/B08DLV3B3K
17,/-/es/MacBook-MD711LL-pulgadas-reacondicionamiento-certificado/dp/B01550MWHI
17,/-/es/Chromebook-pulgadas-ordenador-port%C3%A1til-12b-ca0010nr/dp/B07VXXG5WZ
17,/-/es/2019-Nuevo-port%C3%A1til-Inspiron-17/dp/B07R3H3PL3
17,/-/es/sobremesa-Dell-Optiplex-3020-SFF/dp/B075WYN1JL
17,/-/es/3-5GHz-Radeon-Webcam-Windows-port%C3%A1til/dp/B089T6DX1R
17,/-/es/Dell-Gaming-3500-pulgadas-port%C3%A1til/dp/B08DX82SD8
17,/-/es/Celeron-computadora-escritorio-Ethernet-Bluetooth/dp/B081H24H8Z
17,/-/es/Lenovo-IdeaPad-Ordenador-port%C3%A1til-generaci%C3%B3n/dp/B08DJXYMJL
17,/-/es/Port%C3%A1til-Pavilion-Ryzen-Windows-Horizon/dp/B08NXWPZRD
17,/-/es/Samsung-Galaxy-Active2-Ruggedized-SM-T390NZKAXAR/dp/B07856DNSX
17,/-/es/Aspire-Intel-i5-1035G1-pulgadas-port%C3%A1til/dp/B08FNZHZJM
17,/-/es/Ordenador-port%C3%A1til-GeForce-i7-10750H-17-cb1080nr/dp/B087Z21FXV
17,/-/es/11-ak0080wm/dp/B08PQFKHC7
17,/-/es/Ordenador-Port%C3%A1til-Quad-Core-i5-8265U-Bluetooth/dp/B081JC228Y
18,/-/es/Notepad-tableta-pulgadas-almacenamiento-procesador/dp/B07WLNZB78
18,/-/es/Ordenador-sobremesa-8200-Professional-renovado/dp/B07DR9VW35
18,/-/es/14a-ca0010nr/dp/B08J4BFXY6
18,/-/es/Apple-iPad-Pro-11-pulgadas/dp/B08B2T2178
18,/-/es/almacenamiento-dactilares-interruptor-eliminaci%C3%B3n-15-ds1010nr/dp/B087YXSRR8
18,/-/es/Dell-Latitude-7000-Business-UltraBook/dp/B07BC59CBD
18,/-/es/Asus-Port%C3%A1til-procesador-innovador-protector/dp/B07W5XJ21H
18,/-/es/GS66-Stealth-port%C3%A1til-i7-10870H-Win10PRO/dp/B08R9DFPR1
18,/-/es/pulgadas-Quad-Core-Almacenamiento-Bluetooth-desmontable/dp/B08PPT5CQM
18,/-/es/sobremesa-HP-Elite-8300-Professional/dp/B076D71Q4L
18,/-/es/Dell-Port%C3%A1til-InfinityEdge-generaci%C3%B3n-XPS7590-7572SLV-PUS/dp/B07T1DTF4F
18,/-/es/i5-7200U-actualizable-Computadora-escritorio-Bluetooth/dp/B08H8Q54T9
18,/-/es/SkyTech-Shadow-Computadora-escritorio-ventiladores/dp/B08WRK7MDG
18,/-/es/Android-pulgadas-desbloqueado-tel%C3%A9fono-Bluetooth/dp/B07MJF9DS3
18,/-/es/ConceptD-CC314-72G-72SX-Convertible-i7-10750H-validated/dp/B0891RM7DM
18,/-/es/24-dp0160/dp/B0849P8F8T
18,/-/es/Dell-Inspiron-14-5400-Pantalla/dp/B0897186X2
18,/-/es/Non-Touch-i5-1035G1-Backlit-Keyboard-Windows/dp/B08HCM9RRN
18,/-/es/pantalla-port%C3%A1til-generaci%C3%B3n-i7-1065G7-Bluetooth/dp/B088MHPYRX
18,/-/es/RZ09-03272E12-R3U1/dp/B08JSLM9K5
18,/-/es/Apple-pulgadas-generaci%C3%B3n-Tablet-A2152/dp/B07VMB5L3C
18,/-/es/dp/B08J9BZDGF
18,/-/es/Beelink-U57-ordenador-rendimiento-expandible/dp/B08CR52LH3
18,/-/es/Predator-i7-10750H-Dual-Channel-retroiluminado-PT315-52-78W1/dp/B0883G4WJR
19,/-/es/GE66-Raider-10SF-285-i7-10875H-RTX2070/dp/B0896616D3
19,/-/es/Chromebook-port%C3%A1til-pel%C3%ADcula-computadora-cubierta/dp/B08VH7VYJZ
19,/-/es/KIDS709/dp/B08CSGP4SX
19,/-/es/Dell-Inspiron-i7-1065G7-retroiluminado-Bluetooth/dp/B0826R1P4G
19,/-/es/HP-Chromebook-14-Non-Touch-Bluetooth/dp/B08CSHPBL8
19,/-/es/FX506LI-BI5N5/dp/B07WNGFTN2
19,/-/es/Lenovo-ThinkCentre-M73-Tiny-Computadora/dp/B07V6ZNQZY
19,/-/es/port%C3%A1til-convertible-pantalla-generaci%C3%B3n-Thunderbolt/dp/B083CCRR5W
19,/-/es/Gaming-GeForce-i7-10875H-Windows-G532LWS-DS76/dp/B0876M6CG9
19,/-/es/102-pulgadas-procesador-Octa-Core-Bluetooth/dp/B08FR5Y2GQ
19,/-/es/pulgadas-Quad-Core-i7-10510U-Nightfall-15-EB0043DX/dp/B08CS48VZR
19,/-/es/Optiplex-5040-SFF-i5-6500-reacondicionado-certificado/dp/B07N1TNKCY
19,/-/es/Apple-MacBook-Pro-MLH42LL-procesador/dp/B07CHY6T2M
19,/-/es/IdeaPad-procesador-i3-1005G1-Bluetooth-Platinum/dp/B08PJLMZK9
19,/-/es/pulgadas-Learning-Bluetooth-Aplicaciones-educativas/dp/B08H88GW66
19,/-/es/x360-convertible-Quad-Core-Bluetooth-digitales/dp/B07VVJGFWV
19,/-/es/port%C3%A1til-ultrafino-generaci%C3%B3n-retroiluminado-SF515-51T-73TY/dp/B07JLBJZD3
19,/-/es/ThinkCentre-M900-Tiny-Business-64-Multi-Language/dp/B08244F639
19,/-/es/Samsung-tel%C3%A9fono-llamadas-desbloqueado-internacional/dp/B08F2Y7CKF
19,/-/es/port%C3%A1til-generaci%C3%B3n-i5-10210U-grabador-retroiluminado/dp/B08LD2DW3X
19,/-/es/81WA478TUS/dp/B08NHCJR3R
19,/-/es/Inspiron-generaci%C3%B3n-A9-9420e-retroiluminada-i3195-A525GRY-PUS/dp/B07S37WHS5
19,/-/es/Razer-Book-Laptop-Thunderbolt-certificado/dp/B08LQ45M5W
19,/-/es/nuevo-i5-1035G1-Graphics-natural-Windows/dp/B08NYLWJQP
20,/-/es/CA0001/dp/B08MBH12TZ
20,/-/es/Elitebook-840-G1-rendimiento-Professional/dp/B07C1HV2V1
20,/-/es/Samsung-Galaxy-Lite-10-4-Tablet/dp/B08DFGSRRN
20,/-/es/690-0073w-HP-2020-Laptop-Negro/dp/B082BHK58X
20,/-/es/OP3060MFFXKF5K-OptiPlex-i5-8500T-Hexa-core-Windows/dp/B07DMMPQXR
20,/-/es/17Z90P-K-AAB8U1/dp/B08SW1LTST
20,/-/es/Computadora-port%C3%A1til-Microsoft-modelo-Surface/dp/B076J15LKM
20,/-/es/dispositivo-inteligente-habilitado-almacenamiento-ZA6M0030US/dp/B087KPPYKS
20,/-/es/Dell-Inspiron-2-en-1-7391-13-3-Touch/dp/B081213YMC
20,/-/es/ASUS-Zenbook-14-Laptop-MX350-256GB/dp/B08C81JT39
20,/-/es/CoreBox-sobremesa-ampliable-pulgadas-decodificaci%C3%B3n/dp/B07T5BNF14
20,/-/es/PCG02-GLE-J4125-8G-128G/dp/B08LYRQZ59
20,/-/es/Lenovo-IdeaPad-Pantalla-t%C3%A1ctil-Port%C3%A1til/dp/B08PDJGBDJ
20,/-/es/Asus-Port%C3%A1til-procesador-innovador-protector/dp/B07W4SGSKX
20,/-/es/5593/dp/B0826DJYG1
20,/-/es/Quad-Core-almacenamiento-1920x1080-Bluetooth-desmontable/dp/B08P55WLWC
20,/-/es/Chromebook-C202SA-YS02-robusto-resistente-Renovado/dp/B079TY6Q96
20,/-/es/Lenovo-ThinkPad-Carbon-generaci%C3%B3n-20QD000BUS/dp/B07TY28X68
20,/-/es/Microsoft-Surface-Pantalla-t%C3%A1ctil-pulgadas/dp/B07YNJ6R9P
20,/-/es/X360-Touch-Screen-WLED-backlit-Bluetooth-Wireless-AC/dp/B081WJPMK7
20,/-/es/Samsung-tel%C3%A9fono-llamadas-desbloqueado-internacional/dp/B08N3NPPYM
20,/-/es/pulgadas-Quad-core-pantalla-Bluetooth-capacidad/dp/B08R9MKNC1
20,/-/es/Lenovo-ThinkPad-Touch-Screen-i5-1021U-memoria/dp/B088PF3C45
20,/-/es/LENOVO/dp/B08BP1KKHB
21,/-/es/Visual-Prestige-mea10ql16kcblk-tablet-P%C3%BArpura/dp/B013ALALTK
21,/-/es/A20/dp/B08HXKL2NZ
21,/-/es/dp/B084HP2FZD
21,/-/es/Apple-MacBook-pulgadas-pantalla-Retina/dp/B07ZDM3JCV
21,/-/es/Chromebook-pulgadas-port%C3%A1til-Dual-Core-renovado/dp/B07CB2GTH2
21,/-/es/dp/B08K2W4G2L
21,/-/es/ordenador-sobremesa-Windows-pantalla-Ethernet/dp/B087MB58VR
21,/-/es/Lenovo-IdeaPad-port%C3%A1til-memoria-Platinum/dp/B087Z4Z21R
21,/-/es/AERO-15-OLED-SA-7US5130SH-15-6-pulgadas/dp/B07SFR748X
21,/-/es/Acer-Nitro-AN515-54-51M5-15-6-i5-9300H-1650-8GB/dp/B07RJQKZ2G
21,/-/es/Tableta-ni%C3%B1os-pulgadas-Tablet-7inch/dp/B08NG5XN1J
21,/-/es/ThinkCentre-Procesador-Dual-Core-reacondicionado-certificado/dp/B07G4LVZQZ
21,/-/es/port%C3%A1til-Stream-Intel-Celeron-Windows/dp/B08LVGDRG8
21,/-/es/Tableta-Samsung-Galaxy-pulgadas-16-GB/dp/B018QAYM7C
21,/-/es/generaci%C3%B3n-i7-1185G7-Graphics-capacitivo-Thunderblot/dp/B08VYLX37X
21,/-/es/Latitude-7480-Anti-glare-Dual-Core-Bluetooth/dp/B089B6TCQC
21,/-/es/ThinkPad-T460-1920x1080-multiling%C3%BCe-Ingl%C3%A9s-Espa%C3%B1ol/dp/B07H6KXFC7
21,/-/es/14-Pantalla-Chromebook-procesador-Bluetooth/dp/B07MJVCP63
21,/-/es/ordenador-sobremesa-compatible-Ethernet-Multi-Display/dp/B08L6JBVJP
21,/-/es/Y88X-preinstalado-contenido-autorizado-capacitivo/dp/B08DR4J57V
21,/-/es/T4-x5-Z8500-computadora-escritorio-Ethernet/dp/B08D983Y42
21,/-/es/ATP-K105-Black/dp/B086YBZJ9D
21,/-/es/ThinkPad-X1-Yoga-Gen-Professional/dp/B08QH6YJCX
21,/-/es/Lenovo-Ideapad-L340-videojuegos-retroiluminado/dp/B07XJY1X1Z
22,/-/es/ordenador-i3-6100T-estado-s%C3%B3lido-renovado/dp/B07DKL9KYQ
22,/-/es/Samsung-Electronics-Tab-A7-EF-BT500PJEGUJ/dp/B07KTHJ3ZS
22,/-/es/VT11/dp/B08RDNRGTW
22,/-/es/MHM-00001/dp/B08CS2QFZX
22,/-/es/procesador-i5-5257U-ordenador-sobremesa-extendidos/dp/B089K7RLKR
22,/-/es/procesador-i5-5257u-rendimiento-Business-ordenador/dp/B0872S365N
22,/-/es/E15/dp/B07T32TGH4
22,/-/es/20NJ0007US/dp/B07SMSCPKF
22,/-/es/EliteDesk-Computer-i5-4590T-Windows-renovado/dp/B07Q1DL6LV
22,/-/es/EliteDesk-800-i7-4770-reacondicionado-certificado/dp/B07FBW6J4J
22,/-/es/Port%C3%A1til-EliBrill-840-G3-i7-6600U/dp/B07QZ46Q1N
22,/-/es/ThinkCentre-M92p-Business-Desktop-Computer/dp/B07HCN2RHM
22,/-/es/E15/dp/B08F6L53D6
22,/-/es/Razer-Stealth-Ultrabook-Gaming-Laptop/dp/B086M8PQYN
22,/-/es/Pavilion-convertible-pantalla-port%C3%A1til-i5-10210U/dp/B08FC28CPR
22,/-/es/ThinkPad-Ordenador-port%C3%A1til-Bluetooth-445-M2PCIEIM8/dp/B07YM16SHV
22,/-/es/Flagship-IdeaPad-Ordenador-port%C3%A1til-antirreflejos/dp/B0854GB7KY
22,/-/es/LENOVO/dp/B08BNZ5NTG
22,/-/es/Latitude-E7470-Ultrabook-antirreflejos-i7-6600U/dp/B071XYH4HN
22,/-/es/Lavish-Home-Escritorio-port%C3%A1til-escritorio/dp/B0057FGAO8
22,/-/es/CN6Q14-pulgadas-pantalla-port%C3%A1til-brillante/dp/B08C4BM44L
22,/-/es/dp/B082WBN2RF
22,/-/es/pulgadas-Quad-Core-almacenamiento-Bluetooth-desmontable/dp/B07YZR2ZLN
22,/-/es/Windows-Celeron-sobremesa-Ethernet-pantalla/dp/B08LLDNNXT
23,/-/es/Venturer-Wonder-Android-parachoques-almacenamiento/dp/B08QBLPMYW
23,/-/es/HP/dp/B08C2N474L
23,/-/es/Inspiron-3880-Quad-Core-Wireless-AC-Bluetooth/dp/B08QJR46HL
23,/-/es/MacBook-port%C3%A1til-pulgadas-generaci%C3%B3n-renovado/dp/B01N0RQ0CX
23,/-/es/G6-extendida-Certificaci%C3%B3n-Quad-Core-preinstalado/dp/B08C9YNKVJ
23,/-/es/Razer-Blade-Studio-Laptop-2020/dp/B086MP21NF
23,/-/es/14-Chromebook-panor%C3%A1mica-ordenador-Bluetooth/dp/B07BQJWZ6G
23,/-/es/ventilador-Windows-directamente-Technology-Limited/dp/B07MNLRJK9
23,/-/es/TECLAST-pulgadas-Octa-Core-1920x1200-pantalla/dp/B08LPWW1RM
23,/-/es/Zephyrus-pantalla-i7-10750H-Thunderbolt-GX701LWS-XS76/dp/B08D8RFRSL
23,/-/es/SF314-42-R3U5/dp/B08HPDMGCT
23,/-/es/E14-1920x1080-i5-10210U-ordenador-empresarial/dp/B07HZJTF6Y
23,/-/es/15-DW0081WM/dp/B087VSSKXZ
23,/-/es/Samsung-Tab-lite-Pen-Cover/dp/B08H5W5KJV
23,/-/es/Lenovo-ThinkCentre-i5-8265U-Graphics-512GB/dp/B08BJHKL7G
23,/-/es/pulgadas-InfinityEdge-generaci%C3%B3n-i7-10710U-XPS7390-7681SLV-PUS/dp/B07XYTC8WG
23,/-/es/HeroBook-Pro-ordenador-resoluci%C3%B3n-Bluetooth/dp/B08W2VYYVX
23,/-/es/dp/B07YLY24Y8
23,/-/es/pantalla-Graphics-retroiluminado-A515-43-R19L-renovado/dp/B07X6CB1N4
23,/-/es/ThinkCentre-V530s/dp/B082XLBSG4
23,/-/es/Samsung-Galaxy-Tab-10-1-Renovado/dp/B07XFZXYKM
23,/-/es/Latitude-5285-pantalla-Dual-Core-Bluetooth/dp/B089YW8GRQ
23,/-/es/dp/B08DXZ9H5H
23,/-/es/ASUS-Chromebook-Flip-ordenador-port%C3%A1til/dp/B07R2YBG94
24,/-/es/ASUS-VivoBook-pantalla-t%C3%A1ctil-port%C3%A1til/dp/B08NCWJ4LC
24,/-/es/Intel-NUC8-Kit-mini-PC/dp/B07BR5GK1V
24,/-/es/Razer-Blade-Gaming-Laptop-2020/dp/B087KXDMNS
24,/-/es/Computadoras-port%C3%A1tiles-pulgadas-Windows-10-Processor/dp/B08RNGZS1G
24,/-/es/MacBook-pulgadas-ME665LL-pantalla-renovado/dp/B075K5C8K5
24,/-/es/15-6-Laptop-pantalla-t%C3%A1ctil-i5-1035G1/dp/B0892ZYL16
24,/-/es/iPad-Pro-9-7-Reacondicionado-Plateado/dp/B01KAKPWGQ
24,/-/es/Chromebook-CB514-1HT-C6EV-Celeron-pantalla-retroiluminado/dp/B07L24TWSG
24,/-/es/port%C3%A1til-EliteBook-1030-G2-convertible/dp/B08L6YC551
24,/-/es/16-a0020nr/dp/B089815FGM
24,/-/es/Apple-iPad-WiFi-128GB-Modelo/dp/B074PXZNDT
24,/-/es/SANNUO-pulgadas-Android-educaci%C3%B3n-pel%C3%ADculas/dp/B08RYNKH27
24,/-/es/Apple-iPad-Pro-pulgadas-Wi-Fi/dp/B08C1C6S5K
24,/-/es/Ideapad-port%C3%A1til-pantalla-procesador-reuni%C3%B3n/dp/B089PSZZPM
24,/-/es/Tablet-Android-10-0-procesador-certificado/dp/B08DK84NQ9
24,/-/es/Windows-Celeron-Desktop-Computer-Support/dp/B08CDQJLX4
24,/-/es/I7391-5537SLV-PUS/dp/B08121G394
24,/-/es/pantalla-port%C3%A1til-ordenador-tradicional-port%C3%A1tiles/dp/B0816HBV9B
24,/-/es/Delphin-Microtablet-impermeable-seguimiento-incorporado/dp/B07DVS7GYL
24,/-/es/pantalla-generaci%C3%B3n-Dual-Core-i3-1005G1-Bluetooth/dp/B08F41S84R
24,/-/es/Lenovo-ThinkPad-Business-Laptop-i5-10210U/dp/B082QLTC15
24,/-/es/VUCATIMES-port%C3%A1til-14-ordenador-Bluetooth/dp/B08QVK9DT6
24,/-/es/Lenovo-15-IdeaPad-generaci%C3%B3n-i3-1005G1/dp/B08SCMW3CK
24,/-/es/Envy-x360-pantalla-t%C3%A1ctil-port%C3%A1til/dp/B08BJGMFZH
25,/-/es/PAD-10-1IN-32GB-desbloqueo-LM-T600QSCCASV/dp/B082DJMLCD
25,/-/es/Port%C3%A1til-rendimiento-pulgadas-Graphics-Bluetooth/dp/B084YXBMR9
25,/-/es/pulgadas-Android-1280x800-Bluetooth-Capacidad/dp/B08Q7SMXRR
25,/-/es/Stream-Laptop-Intel-pulgadas-Office/dp/B089T5W7P1
25,/-/es/ordenador-Procesador-computadora-escritorio-pantalla/dp/B08SQTBGCX
25,/-/es/Ordenador-sobremesa-Business-600-G2/dp/B07F7MRT2P
25,/-/es/Lenovo-ThinkCentre-Tiny-Business-Desktop/dp/B073SJQW4B
25,/-/es/T11-4-64-ACEPC-T11/dp/B07TYLRPNP
25,/-/es/Ordenador-port%C3%A1til-pulgadas-YELLYOUTH-ordenador/dp/B089H2FYN9
25,/-/es/infantil-pulgadas-compatible-Kid-Proof-Bluetooth/dp/B08CBT24NP
25,/-/es/ASUS-Zenbook-port%C3%A1til-pulgadas-retroiluminado/dp/B08FC754CG
25,/-/es/Port%C3%A1til-generaci%C3%B3n-i5-1035G1-Wireless-AC-Bluetooth/dp/B0887WHLSW
25,/-/es/OptiPlex-9020-SFF-i5-4570-Windows-renovado/dp/B07CTSFCRR
25,/-/es/Celeron-Processor-Bluetooth-Microsoft-Meeting/dp/B08JHDZS69
25,/-/es/tabletas-Android-Bluetooth-parental-Learning/dp/B083GP7SNC
25,/-/es/Windows-ordenador-sobremesa-Multi-pantallas-Ethernet/dp/B08GCWKB9K
25,/-/es/EliteDesk-sobremesa-Quad-Core-Professional-bit-multi-idioma-ingl%C3%A9s/dp/B083JL8WCF
25,/-/es/Lenovo-ThinkPad-Carbon-i5-10210U-Graphics/dp/B08FDY85FF
25,/-/es/Samsung-Galaxy-Wi-Fi-certificado-reacondicionamiento/dp/B01N0ON3DN
25,/-/es/NanoEdge-Ultra-Slim-generaci%C3%B3n-retroiluminado-NumberPad/dp/B08J7QBD7C
25,/-/es/HP-17-3-Laptop-i5-8265u-unidad/dp/B081RBM8C9
25,/-/es/ASUS-VivoBook-pulgadas-retroiluminado-Bluetooth/dp/B07Y5PK8SC
25,/-/es/Windows-computadora-escritorio-Celeron-Ethernet/dp/B08F6SWV7V
25,/-/es/Ordenador-procesador-almacenamiento-Microsoft-L406MA-WH02/dp/B0892WCGZM
26,/-/es/Microsoft-Surface-Pantalla-t%C3%A1ctil-pulgadas/dp/B07YNHBVGJ
26,/-/es/Pritom-procesador-pantalla-pulgadas-Android/dp/B088D72S78
26,/-/es/J3455-6G-128G-PCG02-APL/dp/B08HZ6YXVP
26,/-/es/HP-Pavilion-15-Laptop-Display/dp/B08PC72314
26,/-/es/XPS-15-9500/dp/B08LDZNRPC
26,/-/es/Fusion5-Certified-almacenamiento-1024x600-pantalla/dp/B08FTK5Y6D
26,/-/es/HP-Pavilion-15-Pantalla-empresarial/dp/B07KWG73RQ
26,/-/es/infantil-pulgadas-parental-tabletas-educaci%C3%B3n/dp/B08NPBV7SX
26,/-/es/M73-sobremesa-peque%C3%B1a-negocios-rendimiento/dp/B076VQMKYG
26,/-/es/HP-Chromebook-pulgadas-Celeron-memoria/dp/B08BC2QQ2M
26,/-/es/C423NA-HD/dp/B07ZT682VS
26,/-/es/pantalla-convertible-port%C3%A1til-Quad-Core-Processor/dp/B08MTFBY8D
26,/-/es/Chromebook-pulgadas-port%C3%A1til-convertible-accesorios/dp/B08PSNSZ6C
26,/-/es/HP-generaci%C3%B3n-Quad-Core-i5-1035G1-Bluetooth/dp/B07ZV8LQSC
26,/-/es/TangoTab-Mini-HDMI-Micro-USB-incorporado-Bluetooth/dp/B08FQLH8C7
26,/-/es/Chromebook-CB315-1HT-C4RY-pantalla-802-11ac-Bluetooth/dp/B08488CGYV
26,/-/es/YQSAVIOR-pulgadas-almacenamiento-Bluetooth-pantalla/dp/B08JY94J2Y
26,/-/es/Microsoft-Surface-Quad-Core-i5-1035G4-reciente/dp/B08BNRSQ5C
26,/-/es/SF314-55-55UT-generaci%C3%B3n-i5-8265U-Gigabit-retroiluminado/dp/B07MPCR2GZ
26,/-/es/Microsoft-PKU-00001-Procesador-almacenamiento-Alcantara/dp/B08BC8C9W6
26,/-/es/Utilizado-port%C3%A1til-Chromebook-C720-16GB/dp/B08V4TCCR1
26,/-/es/TS-251D-4G-US/dp/B083W6YQ9G
26,/-/es/Dell-G5-i7-10750H-retroiluminado-Bluetooth/dp/B08GFRW5R2
26,/-/es/Microsoft-Surface-Laptop-Go-Pantalla/dp/B08GZMXP7P
27,/-/es/Acer-Chromebook-Reacondicionado-certificado-Gris/dp/B07BX4DNZC
27,/-/es/Apple-iPad-Air-pulgadas-Wi-Fi/dp/B08P6TVN58
27,/-/es/Asus-TUF-pulgadas-Laptop-retroiluminado/dp/B08PFGDSRZ
27,/-/es/Stream-Pink-almacenamiento-Inal%C3%A1mbrico-Bluetooth/dp/B089S9N86P
27,/-/es/V9-3-32-educativas-preinstaladas-aprendizaje-aplicaciones/dp/B08JD6JPSN
27,/-/es/dk1025/dp/B08KZL5GML
27,/-/es/MacBook-pulgadas-almacenamiento-espacial-renovado/dp/B08FDZ44YX
27,/-/es/Port%C3%A1til-procesador-i7-1065G7-generaci%C3%B3n-Bluetooth/dp/B07YWLS346
27,/-/es/GU502GW-AH76-Zephyrus-port%C3%A1til-GeForce-i7-9750H/dp/B07VF88TMR
27,/-/es/Windows-Bluetooth-encendido-autom%C3%A1tico-alimentaci%C3%B3n/dp/B08TVM3M3B
27,/-/es/Apple-iPad-10-2-pulgadas-Wi-Fi/dp/B084BNM9NX
27,/-/es/ThinkCentre-Desktop-i5-4570T-Windows-renovado/dp/B0821VR8X8
27,/-/es/6HS56UA/dp/B07QRZJRKK
27,/-/es/Razer-Blade-Gaming-Laptop-Thunderbolt/dp/B087LW2KFG
27,/-/es/Ordenadores-port%C3%A1tiles-X15-pantalla-almacenamiento/dp/B08R8R56S1
27,/-/es/ASUS-VivoBook-delgado-ligero-port%C3%A1til/dp/B07J65872K
27,/-/es/HP-Gaming-port%C3%A1til-memoria-GeForce/dp/B08JVNZJWT
27,/-/es/Apple-iPad-Pro-Renovado-Space/dp/B07QZ5MWTC
27,/-/es/pulgadas-almacenamiento-procesador-certificado-Bluetooth/dp/B07XYRW43B
27,/-/es/Chromebook-Intel-i3-8130U-Full-HD-pantalla/dp/B08GST3DB7
27,/-/es/ASUS-Chromebook-C223-port%C3%A1til-antirreflectante/dp/B07M9SN277
27,/-/es/EliteDesk-sobremesa-Quad-Core-Professional-Bit-Multi-Idioma-Ingl%C3%A9s/dp/B083JL2FXC
27,/-/es/HP-port%C3%A1til-17-i5-10210U-retroiluminado/dp/B08QYTC6Q3
27,/-/es/CoreBox-Pro/dp/B08MT2ZCFK
28,/-/es/HP-2020-Ordenador-generaci%C3%B3n-Bluetooth/dp/B07TG9VXDZ
28,/-/es/HP-Pavilion-pantalla-port%C3%A1til-45-9-ft-dw1013dx/dp/B08P9RVC81
28,/-/es/82BG000CUS/dp/B08QH1C5PY
28,/-/es/Ordenador-HP-Pavilion-x360-generaci%C3%B3n/dp/B081CR3K9Y
28,/-/es/Terryza-ventilador-ordenador-Windows-Bluetooth/dp/B07RS2HYY2
28,/-/es/Computadora-port%C3%A1til-tradicional-XE500-C13-K05US-pulgadas/dp/B01N5P6TJW
28,/-/es/SAMSUNG-Chromebook-2-48GHz-Bluetooth-operativo/dp/B0757FYPBK
28,/-/es/Microsoft-LQN-00024-Surface-Laptop-2/dp/B07HZ886KZ
28,/-/es/pulgadas-Procesador-Octa-core-Bluetooth-altavoces/dp/B088D8SJPF
28,/-/es/XE930QCA-K01US-AMOLED-Intel-Processor-almacenamiento/dp/B088T2C912
28,/-/es/Apple-iPad-Pro-reacondicionado-certificado/dp/B07SZRHG1T
28,/-/es/Pavilion-i3-8145U-13-3-inch-1920x1080-Fingerprint/dp/B07Q221T75
28,/-/es/Port%C3%A1til-Latitude-E6440-pulgadas-i5-4300M/dp/B07GCS4YTY
28,/-/es/Lenovo-Legion-i7-10750H-Windows-82AU00CGUS/dp/B08NZKMH6J
28,/-/es/L203NA-DS04/dp/B081V3HX3L
28,/-/es/HP-Chromebook-N3350-pulgadas-14-ca000nr/dp/B08BJ9DPYD
28,/-/es/20RA004WUS/dp/B0846LZ75G
28,/-/es/Ordenador-port%C3%A1til-GeForce-i7-10750H-15-dc2010nr/dp/B087Z4H1SP
28,/-/es/Notebook-Latitude-Business-pulgadas-Professional/dp/B08QJB6MCQ
28,/-/es/Android-almacenamiento-pulgadas-Assistant-altavoces/dp/B08CBR2ZY8
28,/-/es/1005G1-3-4GHz-14-dq1043cl-Teclado-retroiluminado/dp/B08C7P19CG
28,/-/es/Venturer-Luna-Max-VCT9T48Q34RBM-desmontable/dp/B08KTNYT88
28,/-/es/Chromebook-pantalla-MediaTek-gr%C3%A1ficos-ZA6F0031US/dp/B08F4JRXFZ
28,/-/es/NUC8i5BEH-i5-8259U-Windows-Bluetooth-compatible/dp/B08NC64VDF
29,/-/es/ASUS-GA502DU-Ryzen-3750H-NVIDIA/dp/B07RDJ8DRQ
29,/-/es/X1CARBON/dp/B08MCTFZ73
29,/-/es/238S/dp/B08KD42RBG
29,/-/es/LENOVO/dp/B08B643THT
29,/-/es/pulgadas-generaci%C3%B3n-i51035G7-Thunderbolt-14Z90NU-ARW5U1/dp/B082XQWNPY
29,/-/es/Ordenador-sobremesa-microfactor-Bluetooth-Professional/dp/B08D9WNLPJ
29,/-/es/port%C3%A1til-Inspiron-retroiluminada-procesador-Bluetooth/dp/B08VWYD178
29,/-/es/Thinnote-port%C3%A1til-pulgadas-almacenamiento-ampliable/dp/B08CY3X4Y1
29,/-/es/EliteBook-x360-1030-G4-compatible/dp/B08JRXH6N6
29,/-/es/Octa-Core-1920x1200-ThouchScreen-almacenamiento-Bluetooth/dp/B08R8CGVV7
29,/-/es/Stream-pulgadas-port%C3%A1til-Celeron-Windows/dp/B08J8J9VLH
29,/-/es/Apple-MacBook-Pro-MGXX2LL-reacondicionado/dp/B07C65293B
29,/-/es/ProBook-650-G1-Ordenador-compatible/dp/B081PYX89Y
29,/-/es/HP-Stream-port%C3%A1til-procesador-Bluetooth/dp/B082793N2H
29,/-/es/TC-885-UA91-ordenador-sobremesa-generaci%C3%B3n-i3-9100/dp/B07R8WK8VP
29,/-/es/Android-pulgadas-tableta-Bluetooth-Certified/dp/B0895J5MKW
29,/-/es/Windows-Quad-Core-ordenador-1000Mbps-ventilador/dp/B084WRRV51
29,/-/es/Inspiron-pulgadas-i5-1135G7-2666MHz-Graphics/dp/B08LF4B81K
29,/-/es/Lenovo-IdeaPad-port%C3%A1til-A6-81VS009GUS/dp/B08L5FQTSB
29,/-/es/MacBook-pulgadas-almacenamiento-%C3%BAltimo-renovado/dp/B08CCJQ9QS
29,/-/es/Lenovo-ThinkPad-T14-20S0002NUS-Notebook/dp/B089KLRGH3
29,/-/es/AERO-15-OLED-KC-8US5130SP/dp/B08VFH2DQG
29,/-/es/pantalla-port%C3%A1til-procesador-i3-1005G1-Accesorios/dp/B08QRKNSXN
29,/-/es/Tableta-infantil-pulgadas-Educativo-silicona/dp/B089Q4NVLZ
30,/-/es/Tableta-infantil-pulgadas-Educativo-silicona/dp/B089Q4NVLZ
30,/-/es/GE75-Raider-Display-i7-10750H-retroiluminado/dp/B08T9TH929
30,/-/es/LENOVO/dp/B08B63N6V5
30,/-/es/Ultra-Slim-Wideview-generaci%C3%B3n-retroiluminado-UX331FA-AS51/dp/B07QXKW89P
30,/-/es/81WF57XSUS/dp/B08MV78VT5
30,/-/es/ThinkPad-T490-port%C3%A1til-pantalla-1920x1080/dp/B08JWWVT97
30,/-/es/Lsxvern-AcoBook-Ordenador-encendedor-computadora/dp/B08XGL75DC
30,/-/es/Lenovo-ThinkPad-T490s-20NX-001VUS-i5-8265U/dp/B07PDT53WD
30,/-/es/15-EK0013DX/dp/B08FJ4F8ZG
30,/-/es/OptiPlex-7040-Micro-generaci%C3%B3n-802-11-Bluetooth/dp/B078NHP8QZ
30,/-/es/EliteDesk-800-65W-G2-Professional/dp/B07THBKLDG
30,/-/es/Apple-iPad-Air-pulgadas-Wi-Fi/dp/B08NPH29YG
30,/-/es/ThinkBook-14s-Yoga/dp/B08RPB8414
30,/-/es/14Z90P-K-AAB8U1/dp/B08SW1G8FW
30,/-/es/Microsoft-Surface-v%C3%ADdeo-juego-pulgadas/dp/B07QNTX6MQ
30,/-/es/Samsung-Galaxy-Wifi-Tablet-Renovado/dp/B07V1WZX93
30,/-/es/S532FA-DH55/dp/B0812PGZ8Q
30,/-/es/ordenador-sobremesa-i5-4310M-compatible-Bluetooth/dp/B08GSGDGLB
30,/-/es/IdeaPad-Graphics-Windows-81W0003QUS-Renovado/dp/B08F73QRPP
30,/-/es/ordenador-port%C3%A1til-2560x1440-retroiluminado-digitales/dp/B08P4CGZYK
30,/-/es/Azulle-Access4-Fanless-Mini-Stick/dp/B08DL4H1P4
30,/-/es/AORUS-15G-KC-8US2130SH/dp/B08VFGVS18
30,/-/es/ThinkCentre-M910q-i5-6500T-Escritorio-empresarial/dp/B07F7KG5QX
30,/-/es/CK6-Series/dp/B08V59C5V8
31,/-/es/Microsoft-Surface-v%C3%ADdeo-juego-pulgadas/dp/B07QNTX6MQ
31,/-/es/Samsung-Galaxy-Wifi-Tablet-Renovado/dp/B07V1WZX93
31,/-/es/S532FA-DH55/dp/B0812PGZ8Q
31,/-/es/ordenador-sobremesa-i5-4310M-compatible-Bluetooth/dp/B08GSGDGLB
31,/-/es/IdeaPad-Graphics-Windows-81W0003QUS-Renovado/dp/B08F73QRPP
31,/-/es/ordenador-port%C3%A1til-2560x1440-retroiluminado-digitales/dp/B08P4CGZYK
31,/-/es/Azulle-Access4-Fanless-Mini-Stick/dp/B08DL4H1P4
31,/-/es/AORUS-15G-KC-8US2130SH/dp/B08VFGVS18
31,/-/es/ThinkCentre-M910q-i5-6500T-Escritorio-empresarial/dp/B07F7KG5QX
31,/-/es/gp/slredirect/picassoRedirect.html
31,/-/es/CK6-Series/dp/B08V59C5V8
31,/-/es/Legion-5/dp/B08L27GRVM
31,/-/es/infantil-pulgadas-educativa-parental-Store-Azul/dp/B07ML63GR9
31,/-/es/port%C3%A1til-HP-14-procesador-Bluetooth/dp/B0871RN3V6
31,/-/es/Lenovo-IdeaPad-Laptop-Pentium-Windows/dp/B08JPVKGBQ
31,/-/es/Lenovo-Tablet-port%C3%A1til-81X20001US-Procesador/dp/B089W2MGD6
31,/-/es/Tableta-pulgadas-aprendizaje-pantalla-certificado/dp/B08L76Z1JB
31,/-/es/14a-ca0020nr/dp/B08J4FGPRZ
31,/-/es/Ideapad/dp/B08G1WL7TJ
31,/-/es/Vanquisher-pulgadas-Windows-soluciones-empresariales/dp/B01J67BJHK
31,/-/es/NUC10i7FNH1-n%C3%BAcleos-DDR4-2666-Thunderbolt-capacidad/dp/B0846WSGB5
31,/-/es/Intel-NUC-NUC10i5FNK-procesador-Professional/dp/B087NKH239
31,/-/es/pulgadas-port%C3%A1til-i7-10750H-Professional-renovado/dp/B08F2TPS8X
31,/-/es/dp/B084HP6FCS
31,/-/es/Yoga-C740-procesador-almacenamiento-generaci%C3%B3n/dp/B088P7DDP2
32,/-/es/QunyiCO-infantil-pulgadas-Bluetooth-pantalla/dp/B08CGHMBMS
32,/-/es/Arknikko-SophPad-X11-Quad-Core-preinstalada/dp/B08X45W268
32,/-/es/Lectrus-Android-almacenamiento-Display-Bluetooth/dp/B07Z3PMQSS
32,/-/es/Microsoft-Surface-Windows-reciente-renovado/dp/B079C4KZYB
32,/-/es/4BS38UA-Chromebook-Celeron-Bluetooth-14-ca023nr/dp/B07FNCJJ8V
32,/-/es/Intel-BOXNUC8i3CYSM1-Home-mini-Windows/dp/B07HHB2YLG
32,/-/es/15-dy1091WM/dp/B08NXZNPKM
32,/-/es/i3000-11/dp/B08P9C585W
32,/-/es/Envy-Ultra-pantalla-t%C3%A1ctil-port%C3%A1til/dp/B0871KMLKB
32,/-/es/ThinkCentre-M720e-i5-9400-Escritorio-empresarial/dp/B074JH6T4C
32,/-/es/Microsoft-Surface-Book-Intel-Core/dp/B079WSBNRP
32,/-/es/Chromebook-port%C3%A1til-pantalla-procesador-81JW0001US/dp/B07KF1TC9T
32,/-/es/Galileo-pantalla-Quad-Core-Procesador-Bluetooth/dp/B01MDUH6HX
32,/-/es/Gaming-GeForce-i9-10980HK-Windows-X532LWS-1S-10/dp/B0876M69L7
32,/-/es/Thunderbolt-M82-procesador-Professional-certificado/dp/B0734ZVZHP
32,/-/es/Dell-Insiron-3000-15-6-pulgadas-GB/dp/B088BLZ1WK
32,/-/es/Lenovo-ThinkPad-X1-Carbon-generaci%C3%B3n/dp/B07TXL2R52
32,/-/es/Zephyrus-2-9GHz-GeForce-Eclipse-GA401IH-BR7N2BL/dp/B08CZLW29Z
32,/-/es/14-fq0041nr-3020E-Windows-Office-blanco/dp/B08HSJZZGR
32,/-/es/UBook-capacitivo-Quad-cores-2160x1440-pantalla/dp/B08F57GPQD
32,/-/es/Chromebook-CB311-9H-C12A-Celeron-Gigabit-Bluetooth/dp/B07XJ7PXT4
32,/-/es/Samsung-Galaxy-Negro-Wi-Fi-Sm-T560NZKUXAC/dp/B0161UWH76
32,/-/es/15-6-Ryzen-256GB-Ordenador-port%C3%A1til/dp/B08HCH2QK5
32,/-/es/XE520QAB-K03US-cr/dp/B0811VJ5X5
33,/-/es/Dell-Optiplex-990-DisplayPort-Professional/dp/B0741CNM7C
33,/-/es/Gram-Laptop-generaci%C3%B3n-i7-1065G7-Thunderbolt/dp/B084QDV1YW
33,/-/es/Intel-BXNUC10i7FNK-i7-10710U-n%C3%BAcleos-versi%C3%B3n/dp/B083G6S7HZ
33,/-/es/port%C3%A1til-Inspiron-procesador-i5-1035G1-Bluetooth/dp/B087ZRGP27
33,/-/es/Kingdel-ordenador-sobremesa-industrial-ventilador/dp/B07DM1MGG8
33,/-/es/insignia-convertible-pantalla-t%C3%A1ctil-Chromebook/dp/B077TCVT7Q
33,/-/es/port%C3%A1til-pulgadas-procesador-Windows-15-ef0022nr/dp/B0876H4VHJ
33,/-/es/Latitude-5410-i5-10210U-1920X1080-retroiluminado/dp/B08P2WPQP5
33,/-/es/port%C3%A1til-pantalla-retroiluminada-i5-7200U-Bluetooth/dp/B08963JG8Y
33,/-/es/Port%C3%A1til-5593-generaci%C3%B3n-i7-1065G7-MaxxAudio/dp/B085J47MSV
33,/-/es/Stream-Laptop-incluye-Office-Personal/dp/B08C818XGW
33,/-/es/port%C3%A1til-pulgadas-generaci%C3%B3n-Thunderbolt-15Z90NR-AAS7U1/dp/B082XRQFZ7
33,/-/es/pulgadas-tabletas-almacenamiento-procesador-Bluetooth/dp/B07V2CQVSQ
33,/-/es/Acer-L%C3%A1ptop-Predator-Helios-videojuegos/dp/B07CTHLX8C
33,/-/es/Port%C3%A1til-pantalla-generaci%C3%B3n-i5-9300H-retroiluminado/dp/B07XL18QSS
33,/-/es/Mini-PC-AWOW-computadora-escritorio/dp/B07XBKFZVL
33,/-/es/TRIPLTEK-desbloqueado-Processor-construcci%C3%B3n-brillante/dp/B08R871DBM
33,/-/es/20S60029US/dp/B089KKVPVZ
33,/-/es/ThinkPad-X1-Carbon-Gen-retroiluminado/dp/B08MDDMG9T
33,/-/es/HP-Ordenador-procesador-Quad-Core-i5-1035G1/dp/B08FCTXKFB
33,/-/es/Microsoft-LGP-00001-Surface-Pro-Negro/dp/B07PQNC5ZP
33,/-/es/iPad-Pro-9-7-Reacondicionado-espacial/dp/B06XHRCB4X
33,/-/es/i3-5005U-128GB-8gb-intel-core/dp/B08TM8RGWX
33,/-/es/tableta-pulgadas-pantalla-tarjetas-almacenamiento/dp/B07PZYWW5F
34,/-/es/pulgadas-desbloqueado-almacenamiento-tarjetas-Bluetooth/dp/B087WYP4HC
34,/-/es/Lenovo-ThinkPad-20NX002HUS-Pantalla-Port%C3%A1til/dp/B07RR34442
34,/-/es/Port%C3%A1til-pulgadas-Windows-Notebook-128GB/dp/B08P617KML
34,/-/es/ThinkCentre-M720q-i7-8700T-Escritorio-empresarial/dp/B073XWT4YK
34,/-/es/Predator-PT515-52-71K5-port%C3%A1til-i7-10750H-retroiluminado/dp/B086W332GK
34,/-/es/Inspiron-pantalla-procesador-Bluetooth-accesorios/dp/B08WZJDZQT
34,/-/es/22-DF-pulgadas-Celeron-G5900T-renovado/dp/B08P8D8FNJ
34,/-/es/13-3in-MacBook-Graphics-espacial-Renovado/dp/B07Y8MFWW9
34,/-/es/Latitude-5490-i5-8350U-Display-Renovado/dp/B07TJ94DZW
34,/-/es/ASUS-Chromebook-Flip-C433TA-Sleeve/dp/B08121WY1B
34,/-/es/Convertible-Laptop-i5-8265U-Recargable-Windows/dp/B07WGQB5XK
34,/-/es/GemiBook-Pro-port%C3%A1til-retroiluminado-ordenador/dp/B08HCFKCSC
34,/-/es/ASUS-Chromebook-Touch-Renewed/dp/B07RH4HZ1D
34,/-/es/Windows-Professional-Laptop-dise%C3%B1o-revolucionario/dp/B08L45VTL7
34,/-/es/3050-factor-computadora-sobremesa-reacondicionado-certificado/dp/B07CWXGWT7
34,/-/es/Procesador-Intel-actualizado-4GB-64GB/dp/B085RZDVL5
34,/-/es/ordenador-port%C3%A1til-Lenovo-procesador-Bluetooth/dp/B08W1VFXS2
34,/-/es/Lenovo-pantalla-port%C3%A1til-Platform-82BH0006US/dp/B08Q3KBQ4F
34,/-/es/FJX-00001-Microsoft-Surface-Pro/dp/B071SF41Y9
34,/-/es/EliteBook-Business-Anti-Glare-1920x1080-digitales/dp/B07Y2861FM
34,/-/es/Hi10-capacitivo-Quad-core-1920x1200-Multi-Touch/dp/B087WNHD88
34,/-/es/Dell-i7300-5395SLV-PUS-Ordenador-port%C3%A1til-procesador/dp/B08DRQ8ZH6
34,/-/es/E14/dp/B08CX6YJ88
34,/-/es/Ideacentre-Pantalla-i7-9700T-Procesador-Professional/dp/B08LZZD6YQ
35,/-/es/actualizaci%C3%B3n-256-Pantalla-port%C3%A1til-Procesador-Graphics/dp/B07MMSQ9ZM
35,/-/es/Samsung-NP730QCJ-K01US-Pantalla-memoria-plateado/dp/B08DC4Z97R
35,/-/es/X3-Office/dp/B08K8PFJ9C
35,/-/es/Lenovo-IdeaPad-17-3-Port%C3%A1til-Generation/dp/B08BGZH125
35,/-/es/Microsoft-SMW-00001-pantalla-procesador-almacenamiento/dp/B08BC8SJRR
35,/-/es/Port%C3%A1til-Lenovo-ThinkPad-T490s-Pantalla/dp/B08BGVNYB1
35,/-/es/Firewall-Appliance-Puertos-pfsense-120-GB/dp/B01H2QJTM4
35,/-/es/MacBook-Retina-Display-MPXQ2LL-Renovado/dp/B078GX9R5W
35,/-/es/Dell-XPS-7590-Thunderbolt-retroiluminado/dp/B08DJ2F1VS
35,/-/es/EliteDesk-800-G2-SSF-cref-computadora-Negro/dp/B072BGSTQJ
35,/-/es/17z-ca200-port%C3%A1til-dom%C3%A9stico-empresarial-Graphics/dp/B08TPNCSTG
35,/-/es/Pantalla-generaci%C3%B3n-i7-10750H-GeForce-Profesional/dp/B08FBVXGZW
35,/-/es/MSI-GS66-Stealth-10SGS-441-i7-10875H/dp/B08963S589
35,/-/es/Surface-Pro-reacondicionado-Pantalla-generaci%C3%B3n/dp/B08T2353X8
35,/-/es/ThinkCentre-escritorio-rendimiento-empresas-peque%C3%B1o/dp/B076VMW9D6
35,/-/es/Microsoft-LGP-00001-Surface-Pro-6/dp/B07K4FMSS8
35,/-/es/MMGG2LL-MacBook-pulgadas-port%C3%A1til-renovado/dp/B07HKMXSMF
35,/-/es/G531GT-BI7N6-Ordenador-port%C3%A1til-Hexa-Core-i7-9750H/dp/B07RKSNCT6
35,/-/es/Chromebook-MediaTek-Integrated-Graphics-ZA6F0031US/dp/B08FKFG1R5
35,/-/es/pulgadas-peque%C3%B1os-Seguridad-Controles-Parentales/dp/B0875H4DCP
35,/-/es/VivoBook-procesador-i7-1165G7-Thunderbolt-S435EA-BH71-GR/dp/B08R11TP8H
35,/-/es/Samsung-Android-Snapdragon-7040mAh-SM-T500/dp/B08XYDYWWJ
35,/-/es/HP-Business-Computer-i3-1005G1-Backlit-KB/dp/B08G8CYT6T
35,/-/es/14a-ca0030nr/dp/B08J4CWKR1
36,/-/es/pulgadas-almacenamiento-1280x800-Bluetooth-telef%C3%B3nica/dp/B08GKD782R
36,/-/es/Microsoft-pulgadas-pantalla-Quad-Core-PKU-00022/dp/B08BBVS8M1
36,/-/es/A517-52-59SV-pantalla-i5-1135G7-digitales-retroiluminado/dp/B08PG4S5TT
36,/-/es/Windows-10-Ultra-Slim-Tablet/dp/B08RDJ127G
36,/-/es/Acer-Spin-Laptop-retroiluminada-SP314-54N-58Q7/dp/B08HRJC7T4
36,/-/es/LEN90J0007MUSK1/dp/B07ZPH652S
36,/-/es/80MG0001US-RB-AMZ2-Chromebook-Celeron-Bluetooth-renovado/dp/B079R7574J
36,/-/es/YESTEL-Android-10-0-Tablet-Ultra-Fast/dp/B08DKQC328
36,/-/es/Ordenador-port%C3%A1til-Dell-Inspiron-3000/dp/B08R62MNF4
36,/-/es/Premium-pulgadas-port%C3%A1til-Graphics-14-dk1031dx/dp/B08SGCYLMT
36,/-/es/Samsung-Galaxy-pulgadas-Android-renovado/dp/B08HPDTGDV
36,/-/es/GA15DH-sobremesa-GeForce-Windows-GA15DH-BS562/dp/B086HNWQ24
36,/-/es/L15-W10P-256GB-extensi%C3%B3n-garant%C3%ADa/dp/B089DNPZHH
36,/-/es/HP-15-EF0023dx-Ordenador-port%C3%A1til-pantalla/dp/B087YVDX4L
36,/-/es/11AK/dp/B08L1QYLF6
36,/-/es/ordenador-port%C3%A1til-generaci%C3%B3n-Quard-Core-Bluetooth/dp/B082LPQRTZ
36,/-/es/Pavilion-pulgadas-port%C3%A1til-1920x1080-i5-10300H/dp/B08CVTP6T6
36,/-/es/2020-Dell-Gaming-port%C3%A1til-retroiluminado/dp/B08C6XHY58
36,/-/es/Samsung-Galaxy-SM-T515-desbloqueado-f%C3%A1brica/dp/B07NR5MNHX
36,/-/es/Ordenador-port%C3%A1til-pulgadas-pantalla-YELLYOUTH/dp/B08LTN7K7H
36,/-/es/Inspiron-pulgadas-pantalla-Quad-Core-i5-1035G1/dp/B08N43SSBG
36,/-/es/WS66-10TKT-081-Estaci%C3%B3n-i9-10980HK-WIN10PRO/dp/B08B9MBN9N
36,/-/es/gtr/dp/B08HT167CV
36,/-/es/Flex-5/dp/B08CS3QPQR
37,/-/es/HAOQIN-pulgadas-Tablet-pantalla-Android/dp/B08B812N48
37,/-/es/HP-Spectre-x360-Ordenador-port%C3%A1til/dp/B08CS83CPH
37,/-/es/Samsung-SM-P200-versi%C3%B3n-internacional-garant%C3%ADa/dp/B07TS2N27S
37,/-/es/Apple-MacBook-Pro-MLH42LL-Ordenador/dp/B083G8WG6B
37,/-/es/VivoBook-port%C3%A1til-procesador-i5-1135G7-S533EA-DH51-GN/dp/B08KH5HWG9
37,/-/es/HP-OMEN-15-dh1054nr-Ordenador-i7-10750H/dp/B08CBNKQ3K
37,/-/es/Ordenador-port%C3%A1til-pulgadas-Windows-HaoBook140/dp/B089RBRRVR
37,/-/es/pulgadas-GMS-Certified-IPS1280x800-aplicaci%C3%B3n-aprendizaje/dp/B07RT8JWSV
37,/-/es/Port%C3%A1til-Windows-Educaci%C3%B3n-Ordenador-Aprendizaje/dp/B0875JBP3P
37,/-/es/K101A/dp/B08JJDMTGV
37,/-/es/ThinkPad-P15-1920x1080-i7-10750H-empresarial/dp/B0753MJ9PH
37,/-/es/pulgadas-Certified-altavoces-almacenamiento-Bluetooth/dp/B07Z7X4QLG
37,/-/es/Samsung-Chromebook-Exynos-Dual-Core-XE303C12-A01US/dp/B01LXJZWVF
37,/-/es/Windows-FWIN232-S2-Fusion5-Professional/dp/B08HHD32FP
37,/-/es/Chromebook-procesador-i3-10110U-retroiluminado-Accesorios/dp/B08R5WJ4L1
37,/-/es/Ordenador-port%C3%A1til-Microsoft-compatible-expansi%C3%B3n/dp/B08HRVCN8K
37,/-/es/81TE0000US/dp/B08121GR8T
37,/-/es/ASUS-CHROMEBIT-B013C-Chromebit-B013C-Quad/dp/B01BF12Z5A
37,/-/es/Microsoft-LQN-00024-Surface-Laptop-2/dp/B07K2F1S4N
37,/-/es/Compuetr-Windows-Soporte-Auto-encendido-alimentaci%C3%B3n/dp/B08TLYL75P
37,/-/es/ThinkPad-T490S/dp/B08R926ZYN
37,/-/es/ordenador-port%C3%A1til-Dual-Core-procesador-Bluetooth/dp/B08SJ1PJMW
37,/-/es/Dell-Inspiron/dp/B08L71B2Z8
37,/-/es/ordenador-sobremesa-pantalla-compatible-Ethernet/dp/B08SK4Z4Q7
38,/-/es/Beelink-T4-Mini-PC/dp/B08BC7VWM3
38,/-/es/Chromebook-antirreflejos-Nano-Edge-ordenador-Bluetooth/dp/B07WKDHSSR
38,/-/es/EN314-51W-53RR/dp/B08HDJ9SW2
38,/-/es/SP314-54N-50W3/dp/B0866PDL8W
38,/-/es/Panasonic-Toughbook-CF-53-Plateado-Negro/dp/B084QDND9L
38,/-/es/X1_Carbon/dp/B08N34KKX7
38,/-/es/T460s-Ultrabook-pulgadas-dactilares-retroiluminado/dp/B07G2RG7JH
38,/-/es/Acer-Chromebook-311-Celeron-ComfyView/dp/B08PCG1L9P
38,/-/es/Samsung-7040mAh-bater%C3%ADa-Android-SM-P610/dp/B08W2LMZWC
38,/-/es/Dell-Inspiron-procesador-altavoces-Bluetooth/dp/B07H9L93KW
38,/-/es/NucBox-Windows-ordenador-128GB-512GB-Bluetooth/dp/B08KZMPK2P
38,/-/es/TC-875-UR11/dp/B07PGRLJVK
38,/-/es/Beelink-GTI-Mini-rendimiento-identificaci%C3%B3n/dp/B08RYZGVSR
38,/-/es/IdeaPad-A6-9229e-port%C3%A1til-Platino-14-14-99/dp/B081219LKB
38,/-/es/Microsoft-Surface-Pro-Pantalla-reciente/dp/B081ZH7L9X
38,/-/es/Lenovo-Legion-Gaming-Laptop-i7-9750H/dp/B08739LDJY
38,/-/es/X1CARBON/dp/B08R8JBCZZ
38,/-/es/Chromebook-Convertible-Bluetooth-Chrome-CP311-2H-C679/dp/B08F3TVVNY
38,/-/es/pulgadas-plateado-compatible-Google-Classroom/dp/B08HCMWMPS
38,/-/es/UBook-pulgadas-pantalla-procesador-incluido/dp/B08FCDBPWK
38,/-/es/IdeaPad-Anti-Glare-Backlit-802-11ac-Bluetooth/dp/B08BHLVZR8
38,/-/es/Aspire-5/dp/B08HMC543M
38,/-/es/GA00124-US-Cargador-Google-GA00122-US/dp/B075JLPLBL
38,/-/es/Display-i7-10510U-Processor-Graphics-81XG0005US/dp/B07XH9Q6H8
39,/-/es/Mediapad-pantalla-altavoces-sintonizados-incluido/dp/B07M5NFD3B
39,/-/es/Dell-Inspiron-14-5400-Pantalla/dp/B089HZ5N9M
39,/-/es/EliteBook-X360-1030-G2-pulgadas/dp/B07V6HMFFN
39,/-/es/Lenovo/dp/B08BJDQ55L
39,/-/es/14-dq0002/dp/B08KLMKLZR
39,/-/es/dp/B08DLZRMNX
39,/-/es/Pantalla-Retina-pulgadas-reacondicionado-certificado/dp/B07F93611L
39,/-/es/81WE00EPUS/dp/B08HPG8JVL
39,/-/es/InfinityEdge-procesador-i5-10210U-retroiluminado-accesorios/dp/B08TMKXT68
39,/-/es/Microsoft-Surface-Pro-Intel-Core/dp/B01606IDL0
39,/-/es/dp/B08927T3Q6
39,/-/es/HaoBook106-pulgadas-ordenador-port%C3%A1til-desmontable/dp/B08L97LWMY
39,/-/es/Google-Nexus-Tablet-reacondicionado-certificado/dp/B018URWWLE
39,/-/es/ASUS-Vivobook-F512J/dp/B08MX1J4Q2
39,/-/es/nuevo-Inspiron-Premium-port%C3%A1til-retroiluminada-KB/dp/B082WRPP26
39,/-/es/Tablet-pulgadas-teclado-Folio-rosa/dp/B08C4PZVZY
39,/-/es/MSI-GL75-Gaming-Laptop-i7-9750H/dp/B07YL4CWJ9
39,/-/es/Panasonic-Toughpad-i5-3437U-Digitalizador-Bluetooth/dp/B07WJW3JX4
39,/-/es/14-fq0030nr/dp/B08J89S3M4
39,/-/es/IdeaPad-3/dp/B08PFJMB5V
39,/-/es/ASUS-Chromebook-Intel-Celeron-memoria/dp/B08JM667TC
39,/-/es/VivoBook-port%C3%A1til-Radeon-Bluetooth-Windows/dp/B088KR8FZR
39,/-/es/Microsoft-Surface-Pro-Tablet-megap%C3%ADxeles/dp/B082ZQ1RCC
39,/-/es/Chromebook-Convertible-pulgadas-MediaTek-CB5-312T-K5X4/dp/B01LXYG77O
40,/-/es/Inspiron-pantalla-t%C3%A1ctil-unidad-port%C3%A1til/dp/B07KVFTVHX
40,/-/es/Lenovo-ThinkCentre-M710q-Tiny-10MR0004US/dp/B07T4648KX
40,/-/es/PC-sobremesa-Lenovo-ThinkCentre-M920s/dp/B07GCPK1BZ
40,/-/es/Lenovo-Chromebook-C340-1-11-6-Touch/dp/B08DCX8XB1
40,/-/es/20N20032US/dp/B07V3TDL9D
40,/-/es/Prestige-A10SC-230-Port%C3%A1til-Profesional-i7-10510U/dp/B085B3GCCK
40,/-/es/procesador-ordenador-sobremesa-encendido-autom%C3%A1tico/dp/B08QN32L5S
40,/-/es/sobremesa-antirreflejo-procesador-Kensington-V241DA-AB301/dp/B08D946J7H
40,/-/es/Ordenador-sobremesa-generaci%C3%B3n-i7-10700F-GT12-0041/dp/B08HR6Z6XG
40,/-/es/MSI-WS66-10TMT-207-Estaci%C3%B3n-i9-10980HK/dp/B08B9NQNH4
40,/-/es/Port%C3%A1til-MLW82LL-Renovado-ordenador-portatil/dp/B081MWTKVR
40,/-/es/Ideapad/dp/B08M8XQK34
40,/-/es/Computadora-port%C3%A1til-Chromebook-pulgadas-Bluetooth/dp/B08RCW3W8P
40,/-/es/Fusion5-104Bv2-PRO-Android-Tablet/dp/B07ZN87FN9
40,/-/es/Stream-Laptop-incluye-Personal-renovado/dp/B08LDLRNGF
40,/-/es/Latest_Dell-Inspiron-3000-port%C3%A1til-retroiluminaci%C3%B3n/dp/B08R7QD3NC
40,/-/es/GTR-procesador-3750H-gr%C3%A1ficos-Bluetooth/dp/B08PKLT2C1
40,/-/es/Quad-Core-Processor-Graphics-Classroom-Compatible/dp/B08HHPNP42
40,/-/es/Beelink-SEi-Mini-PC/dp/B08V4RB462
40,/-/es/Octa-Core-1920x1200-ThouchScreen-almacenamiento-Bluetooth/dp/B08R8DFY78
40,/-/es/Ordenador-port%C3%A1til-para-juegos-Alienware/dp/B08NQ17JYJ
40,/-/es/ThinkPad-i5-8265U-hasta-3-90GHz-20N2001YUS/dp/B07QZ3M3B3
40,/-/es/Dell-3000-procesador-generaci%C3%B3n-i3-1005G1/dp/B088K23635
40,/-/es/Microsoft-Surface-Refurbished-Certificado-Titanio/dp/B00LUXSAO4
41,/-/es/Apple-MNE92LL-pulgadas-Fusion-renovado/dp/B07JNC9PCF
41,/-/es/HP-Premium-touchscreen-Chromebook/dp/B08RY69MX4
41,/-/es/146A-computadoras-Computadoras-ordenadores-tradicionales/dp/B08R72HT68
41,/-/es/20TK002CUS/dp/B08L886DFZ
41,/-/es/Laptop-Pentium-N5000-1-1GHz-Windows-renovado/dp/B07G4JT3JC
41,/-/es/EliteDesk-Business-i5-6500T-Bluetooth-DisplayPort/dp/B08M2BTHQ7
41,/-/es/Venturer-WT9L11P44GD51-almacenamiento-procesador-pantalla/dp/B08J9W81MK
41,/-/es/Samsung-Galaxy-Tablet-Negro-Renovado/dp/B07V2PDH6T
41,/-/es/ProBook-840-Ori-Parent-renovado/dp/B07ZRYV4QF
41,/-/es/Lenovo-2020-Ordenador-convertible-Chromebook/dp/B0826NJN1F
41,/-/es/Chromebook-pulgadas-Touchscreen-14a-na0030nr-Renovado/dp/B08HJN2N94
41,/-/es/XR6M10-Pantalla-Bluetooth-funciones-Smartcast/dp/B07BMFHLDY
41,/-/es/Desktop-I7-10700-4-80GHZ-2933MHZ-renovado/dp/B08WBVSWPR
41,/-/es/MatrixPad-Z10-almacenamiento-procesador-Quad-Core/dp/B07WZC91PF
41,/-/es/Fusion5-10-1-Android-Oreo-Tablet/dp/B07HY7B928
41,/-/es/i7-10750H-Display-Backlight-Keyboard-GeForce/dp/B08C3834GR
41,/-/es/Lenovo-ThinkCentre-M91-procesador-Professional/dp/B07TLG9GFT
41,/-/es/port%C3%A1til-Graphics-Windows-81X20005US-Renovado/dp/B08945FMHD
41,/-/es/pulgadas-Expandir-tabletas-procesador-Bluetooth/dp/B08MZBSXWD
41,/-/es/Samsung-desbloqueado-T-Mobile-International-SM-T505/dp/B08Y2TMLWR
41,/-/es/ThinkCentre-M90n-Wireless-AC-Professional-inal%C3%A1mbrico/dp/B08BZQ9Z96
41,/-/es/i3880/dp/B08DBGLFZC
41,/-/es/ASUS-VivoBook-S712-S712DA-DB36-transparente/dp/B08D945NK4
41,/-/es/Vivobook-port%C3%A1til-procesador-transparente-F712FA-DB51/dp/B07S2M99LF
42,/-/es/Chromebook-ordenador-port%C3%A1til-802-11ac-Bluetooth/dp/B07FSFRWS4
42,/-/es/Chromebook-Laptop-robusto-resistente-derrames-C202SA-YS04/dp/B07CHVH11J
42,/-/es/ASUS-VivoBook-retroiluminado-port%C3%A1til-Premium/dp/B08VDPNZRX
42,/-/es/Prodesk-600-G2-Computer-i3-6100T/dp/B082MPZ839
42,/-/es/Lenovo-Legion-i7-10750H-retroiluminado-Bluetooth/dp/B08G1THVSC
42,/-/es/Acer-port%C3%A1til-10300H-memoria-obsidiana/dp/B08CGMGTSM
42,/-/es/Dell-Latitude-7410-Notebook-i7-10610U/dp/B08B9X4NVC
42,/-/es/pulgadas-teclado-almacenamiento-1280x800-Bluetooth/dp/B08C5BPBP5
42,/-/es/actualizaci%C3%B3n-reproductor-videojuegos-Hexa-core-compatible/dp/B07CG7BDGB
42,/-/es/pulgadas-protecci%C3%B3n-preinstalada-aplicaci%C3%B3n-educativa/dp/B08CKV118M
42,/-/es/dp/B083TDBXGG
42,/-/es/CHROMEBOX-3-NC356U-Mini-16GB-RAM/dp/B08L43PKX1
42,/-/es/3040-Thin-Client-Intel-Quad-Core-1-44-GHz/dp/B071CW3DRV
42,/-/es/i7300-13slv/dp/B08P8D8CY8
42,/-/es/pantalla-port%C3%A1til-procesador-i5-1035G1-accesorios/dp/B08QRYJZ7H
42,/-/es/pulgadas-Parental-Preinstalado-Aprendizaje-Pantalla/dp/B082NTJ941
42,/-/es/Computadora-port%C3%A1til-Dell-Inspiron-15/dp/B08MHZY99L
42,/-/es/port%C3%A1til-ultrafino-pantalla-retroiluminado-SF515-51T-507P/dp/B07JLBJZD4
42,/-/es/14Z90P-K-AAS8U1/dp/B08SVVVMDY
42,/-/es/Samsung-Chromebook-Celeron-Procesador-XE350XBA-K02US/dp/B07XQQRCG5
42,/-/es/IdeaPad-i7-1065G7-Procesador-Graphics-Accesorios/dp/B08SJY4WYN
42,/-/es/ASUS-VivoBook-F412DA-14-Laptop/dp/B08FZ1BDGH
42,/-/es/Apple-Mac-Pro-MD878LL-Renovado/dp/B08DM2D8H9
42,/-/es/port%C3%A1til-i3-1005G1-procesador-Bluetooth-accesorios/dp/B08SK13P2R
43,/-/es/HP-Stream-port%C3%A1til-procesador-Bluetooth/dp/B08278SPNS
43,/-/es/VUCATIMES-N8-pulgadas-procesador-Bluetooth/dp/B08VGGMV2F
43,/-/es/ultrarresistente-totalmente-resistente-recopilaci%C3%B3n-empresariales/dp/B07ST1XPCC
43,/-/es/Inspiron-ordenador-port%C3%A1til-generaci%C3%B3n-Bluetooth/dp/B081ZFFJ46
43,/-/es/procesador-GeForce-Spatial-retroiluminado-EG-LP7-BK/dp/B08KV8HP98
43,/-/es/Radeon-Graphics-Whisper-Silver-14-dk0022wm/dp/B07S5MNMT2
43,/-/es/Dell-3502/dp/B08WKX53DV
43,/-/es/IdeaPad-Convertible-Grafito-Windows-81X2000HUS/dp/B08MJVKS11
43,/-/es/CR500001-Surface-Pro-4-Plateado/dp/B01HN3LEGA
43,/-/es/XPS15/dp/B08NXW5MFQ
43,/-/es/Gram-Laptop-generaci%C3%B3n-i5-1035G7-Thunderbolt/dp/B082XQP1G4
43,/-/es/port%C3%A1til-Procesador-i5-1035G1-Bluetooth-Accesorios/dp/B08RXJJSL2
43,/-/es/Pavilion-Gaming-antirreflejos-retroiluminaci%C3%B3n-almacenamiento/dp/B07KQXHP4M
43,/-/es/Usado-nuevo-ProBook-6570b-Notebook/dp/B08QZKBMNP
43,/-/es/Samsung-Galaxy-Wifi-Tablet-Renovado/dp/B07VF942KT
43,/-/es/Samsung-Galaxy-Tab-tabletas-port%C3%A1tiles/dp/B086JZD7RZ
43,/-/es/Apple-iPad-Pro-pulgadas-Wi-Fi/dp/B08CWK4QC8
43,/-/es/port%C3%A1til-generaci%C3%B3n-i3-1005G1-procesador-Windows/dp/B0848TB4VX
43,/-/es/GF65-Thin-9SD-837-GTX1660Ti-ordenador/dp/B08BZQR17Y
43,/-/es/Newest_Dell_Vostro-Business-Inspiron-procesador-Bluetooth/dp/B07VY37LT2
43,/-/es/Port%C3%A1til-InfinityEdge-generaci%C3%B3n-Intel-i7-9750H/dp/B07T3FWD22
43,/-/es/Ematic-PBS-Kids-Playtime-7-4/dp/B07ZFSPRX1
43,/-/es/Lenovo-14inch-convertible-port%C3%A1til-Procesador/dp/B08SHTMN88
43,/-/es/14-ds0035nr-A4-9120e-Dual-Core-Graphics-Renovado/dp/B08FPTG4J9
44,/-/es/pulgadas-Quad-Core-desbloqueado-certificaci%C3%B3n-Bluetooth/dp/B07VBCL183
44,/-/es/OptiPlex-Factor-i5-7600T-Windows-renovado/dp/B07XLF99BY
44,/-/es/Samsung-Electronics-SM-T830NZKLXAR-Galaxy-pulgadas/dp/B07FNZHWH2
44,/-/es/Computadora-port%C3%A1til-videojuegos-pulgadas-TUF505GT-AH73/dp/B07VCNTRG6
44,/-/es/Acer-Aspire-Computadora-port%C3%A1til-delgada/dp/B087BGWNFK
44,/-/es/Barebone-integrados-DisplayPort-Bluetooth-PB50-BBR009MD/dp/B081B5QTCY
44,/-/es/Laptop-videojuegos-Predator-Helios-Negro/dp/B06Y4GZS9C
44,/-/es/800-G3-6500t-Mini-Parent/dp/B07SNGJSC5
44,/-/es/IdeaPad-port%C3%A1til-i3-1005G1-Windows-pulgadas/dp/B088T671HD
44,/-/es/L203NADS04/dp/B08KFP1Y1P
44,/-/es/Android-Tablets-Seguridad-Protecci%C3%B3n-control/dp/B07RV8RXGX
44,/-/es/Samsung-Electronics-pulgadas-plateado-Verizon/dp/B082KLBTJ1
44,/-/es/K92-Primetime-desbloqueado-Android-Tablet/dp/B081ZJRJ8S
44,/-/es/Simbans-TangoTab-Mini-HDMI-Micro-USB-USB/dp/B08FR6C9CX
44,/-/es/Lenovo-IdeaPad-Gaming-Laptop-7-4800H/dp/B08PDSJV27
44,/-/es/82BAC275US/dp/B08KR977Y1
44,/-/es/MB23J-6-128/dp/B082KR9KX5
44,/-/es/m17R3/dp/B08VF9VR7J
44,/-/es/Chromebook-resistente-almacenamiento-durabilidad-C202XA-YB04-BL/dp/B08DJCPL55
44,/-/es/inspiron-3593/dp/B08HKT9JH9
44,/-/es/81we00enus/dp/B08HMVBXQ5
44,/-/es/ThinkPad-X1-Carbon-generaci%C3%B3n-Ultrabook/dp/B07V88H27D
44,/-/es/HP-port%C3%A1til-procesador-almacenamiento-operativo/dp/B08SHV1W2R
44,/-/es/Fast-Latitude-E7470-QHD-Ordenador/dp/B07HLSZ1Y2
45,/-/es/Optiplex-generaci%C3%B3n-i5-8500-n%C3%BAcleos-renovado/dp/B07HZ3SR3T
45,/-/es/rendimiento-Quad-Core-Processor-Bluetooth-6-0-P%C3%BArpura/dp/B07DVPXLPG
45,/-/es/VivoBook-Ordenador-port%C3%A1til-Quad-Core-i5-8550U/dp/B08CPK229B
45,/-/es/14-dq0003/dp/B08Q3KFR8K
45,/-/es/82HS000FUS/dp/B08L5HLK3N
45,/-/es/Microsoft-LGP-00001-Surface-Pro-6/dp/B07HZNKGDV
45,/-/es/dp/B08QR8BZ77
45,/-/es/Ordenador-sobremesa-Business-Desktop-ProDesk/dp/B08BJDC3KC
45,/-/es/Alienware-pulgadas-i7-10750H-Geforce-Windows/dp/B08FCSZR5H
45,/-/es/Laptop-procesador-Athlon-Graphics-Windows/dp/B08R2741XM
45,/-/es/Optiplex-sobremesa-min%C3%BAscula-i5-4570T-Bluetooth/dp/B07SNGQHBG
45,/-/es/ThinkPad-T480-Business-Laptop-Fingerprint/dp/B07H3CYD62
45,/-/es/procesador-almacenamiento-ordenador-inal%C3%A1mbrico-TP01-1160/dp/B08JD4JXWP
45,/-/es/20S60012US/dp/B089QL4XHV
45,/-/es/pantalla-Chromebook-Quad-Core-MediaTek-Bluetooth/dp/B07D5TF3Q1
45,/-/es/Beelink-Windows-inteligente-ordenador-soporte/dp/B08R5NDR5F
45,/-/es/ThinkPad-T490-1920x1080-Anti-Glare-Display/dp/B07QBQZSYY
45,/-/es/Lenovo-port%C3%A1til-Platinum-Grey12GB-accesorios/dp/B08JZHV4BY
45,/-/es/Pentium-Windows-Gigabit-Ethernet-pantalla/dp/B082DYH9CR
45,/-/es/Lenovo-FHD-Laptop-Procesador-81MQ000JUS/dp/B07Q11TCP9
45,/-/es/HP-Chromebook-x360-14-Touch-N4000-4GB/dp/B0812267LL
45,/-/es/NewLenovo-Thinkpad-pulgadas-port%C3%A1til-Bluetooth/dp/B08X2NM112
45,/-/es/HP-Laptop-15-dy1079ms-i7-1065G7-Zipnology/dp/B08QJPLV2P
45,/-/es/pulgadas-pantalla-port%C3%A1til-Pentium-DDR4-2400/dp/B07KDQW7Q1
46,/-/es/seguridad-protecci%C3%B3n-preinstalada-aplicaci%C3%B3n-educativa/dp/B08LP9JWNZ
46,/-/es/WT9M10C44-pulgadas-Celeron-almacenamiento-Windows/dp/B08R6DMR9D
46,/-/es/HP-Ordenador-port%C3%A1til-17-BY1053DX-procesador/dp/B07Y5LZBK4
46,/-/es/Microsoft-Surface-Laptop-Pantalla-i5-8250U/dp/B07YL4ZQMX
46,/-/es/dp/B08R8FSQZ9
46,/-/es/104EvII/dp/B08L44JP5B
46,/-/es/Samsung-pulgadas-tableta-desbloqueada-f%C3%A1brica/dp/B07W7PHHV1
46,/-/es/20RD005GUS/dp/B083GX7M5L
46,/-/es/Laptop-Celeron-Display-Microsoft-Subscription/dp/B08JWNVBK2
46,/-/es/pulgadas-LAMZIEN-Quad-Core-almacenamiento-preinstalado/dp/B07WCWZNM9
46,/-/es/Samsung-Tablet-10-4-Wi-Fi-Renovado/dp/B08MD54P69
46,/-/es/dp/B08V8VJF6L
46,/-/es/Tableta-Android-Tablet-Control-parental/dp/B08R9F9JX5
46,/-/es/ASUS-11-6-Chromebook-Flash-Memory/dp/B0899L8GR1
46,/-/es/Android-Aprendizaje-Seguridad-Pantalla-almacenamiento/dp/B07TZR4TVF
46,/-/es/Latitude-Flagship-Ultrabook-Bluetooth-Professional/dp/B071F49Q2P
46,/-/es/Used-Well-Condition-Book-450-g1/dp/B08T19HQT4
46,/-/es/Samsung-Galaxy-T837T-10-5in-T-Mobile/dp/B089QV2D9Z
46,/-/es/Pavilion-15-cs3073cl-Laptop-pantalla-t%C3%A1ctil/dp/B088PB2868
46,/-/es/Alpha-15-A4DEK-004-R7-4800H-RX5600M/dp/B08L55Y79G
46,/-/es/Cortafuegos-Appliance-Gigabit-Puertos-Barebone/dp/B072ZTCNLK
46,/-/es/Surfans-pulgadas-pantalla-protecci%C3%B3n-peque%C3%B1os/dp/B08FDSK31F
46,/-/es/M75q-Tiny_M715_PARENT1-Negro/dp/B06X9PV7PR
46,/-/es/Beelink-ordenador-Graphics-Ethernet-Bluetooth/dp/B08T71WXL3
47,/-/es/Envy-x360-15-6-FHD-Touch-i7-10510U/dp/B08121T49K
47,/-/es/HP-Performance-Business-retroiluminado-Bluetooth/dp/B07K1GR9LN
47,/-/es/Estaci%C3%B3n-ThinkPad-P14s-pantalla-procesador/dp/B08SXRJD8Y
47,/-/es/procesador-i3-10110U-generaci%C3%B3n-pantalla-ampliable/dp/B08XJPST5P
47,/-/es/Estaci%C3%B3n-i7-9700K-gr%C3%A1ficos-Bluetooh-instalado/dp/B08LCNX7BX
47,/-/es/M15/dp/B08G1X8JPK
47,/-/es/OptiPlex-peque%C3%B1o-Windows-espa%C3%B1ol-renovado/dp/B0864NZXQC
47,/-/es/Dell-inspiron-5505/dp/B08HW94QLT
47,/-/es/Apple-iPad-Pro-pulgadas-Wi-Fi/dp/B08CWMMBS8
47,/-/es/ASUS-VivoBook-S13-Computadora-port%C3%A1til/dp/B08BXBWKW7
47,/-/es/14-9XM12UA-Display-tarjetas-Bluetooth/dp/B088219RZG
47,/-/es/Latitude-resistente-i5-8365U-Quad-Core-Renovado/dp/B08GG8GWK6
47,/-/es/HP-17-3-Premium-Laptop-Bluetooth/dp/B08RCTFS6V
47,/-/es/P20HD-pulgadas-Procesador-1920x1200-Bluetooth/dp/B08C9HTV8F
47,/-/es/ThinkPad-X1-Carbon-generaci%C3%B3n-Ultrabook/dp/B07VBGRWKV
47,/-/es/Port%C3%A1til-Dell-Latitude-3510-generaci%C3%B3n/dp/B08BB2TH49
47,/-/es/V14-Business-procesador-micr%C3%B3fono-Bluetooth/dp/B08XNGYYTL
47,/-/es/T10/dp/B083J9JM5D
47,/-/es/Optiplex-peque%C3%B1o-i5-6500-Professional-renovado/dp/B08FCTTF95
47,/-/es/dp/B08SGCQRYX
47,/-/es/HP/dp/B0814QQW56
47,/-/es/Apple-iPad-10-2-pulgadas-Wi-Fi/dp/B084BVYZFN
47,/-/es/Chromebook-port%C3%A1til-pantalla-procesador-81T90002UX/dp/B07XC7GVRK
47,/-/es/Y11-port%C3%A1til-pantalla-convertidor-procesador/dp/B08RYV26B1
48,/-/es/MREA2LL-A-MacBook-Restaurado-Certificado/dp/B07NPSGHR9
48,/-/es/Lenovo-ThinkPad-20UB001FUS-Pantalla-Notebook/dp/B089DC8ZTF
48,/-/es/Inspiron-Pentium-Quad-Core-Procesador-Windows/dp/B07V9CNWFZ
48,/-/es/290-p0043w-Celeron-G4900-3-1GHz-500GB/dp/B07GXY6JHV
48,/-/es/port%C3%A1til-pantalla-pulgadas-i5-1035G1-15-dy1020nr/dp/B07VZ16T9T
48,/-/es/Inspiron-pantalla-pulgadas-procesador-i5-10210U/dp/B07TR5B1VK
48,/-/es/Apple-9-7-inch-128GB-Wi-Fi-Modelo/dp/B01M06SGWM
48,/-/es/ThinkPad-X1-Yoga-generaci%C3%B3n-Ultrabook/dp/B08PH97ZWM
48,/-/es/Port%C3%A1til-Latitude-rendimiento-procesador-Professional/dp/B07C1DK3SS
48,/-/es/Port%C3%A1til-Dell-Latitude-5300-Quad-Core/dp/B08J6B3592
48,/-/es/sf1/dp/B089K9G6ZS
48,/-/es/GF63-Thin-9SCX-459-i7-9750H-GTX1650/dp/B08CQWCWMQ
48,/-/es/Prestige-14-A10SC-021-Profesional-i7-10710U/dp/B07YTFGXS5
48,/-/es/Creator-15-A10SET-052-profesional-i7-10875H/dp/B08L56FVR3
48,/-/es/dp/B08NPR4893
48,/-/es/Lenovo-Legion-7i-Gaming-Laptop/dp/B08GJ9L8M3
48,/-/es/X1-Carbon-7th-Gen-1920x1080/dp/B07WZGVGW1
48,/-/es/Fanless-Stick-Windows-Computer-Support/dp/B07R7NJB17
48,/-/es/Lenovo-ThinkCentre-i7-8665U-Windows-11AD0023US/dp/B07ZL2S3H1
48,/-/es/HP-14-Ryzen-3/dp/B08RW8YM2K
48,/-/es/CURMIO-compatible-pulgadas-transporte-accesorios/dp/B08MLNTLJK
48,/-/es/Ordenador-sobremesa-Dell-OptiPlex-3000/dp/B08NQ358NP
48,/-/es/Samsung-Galaxy-16GB-Verizon-renovado/dp/B01MSHI4XZ
48,/-/es/20NJ0008US/dp/B07SLGC476
49,/-/es/almacenamiento-pantalla-capacitivo-procesador-Bluetooth/dp/B08QJDNQ91
49,/-/es/dp/B0816CKSMW
49,/-/es/Flagship-pulgadas-port%C3%A1til-Bluetooth-renovado/dp/B08FLGKC5L
49,/-/es/VivoBook-procesador-almacenamiento-digitales-J401MA-YS02/dp/B07JBJM275
49,/-/es/ASUS-FX505DD-Gaming-memoria-GeForce/dp/B07V336VJJ
49,/-/es/pulgadas-Almacenamiento-Procesador-Quad-Core-Bluetooth/dp/B08JVN6SHZ
49,/-/es/port%C3%A1til-pulgadas-procesador-celeron_j3455-escalable/dp/B08RXR363N
49,/-/es/Chromebook-CB315-3H-C2C3-Celeron-1-1GHz-Chrome/dp/B08P5RQ2B3
49,/-/es/reciente-convertible-generaci%C3%B3n-Quad-Core-Bluetooth/dp/B08F5LL9KV
49,/-/es/15-dr1010nr/dp/B08558L133
49,/-/es/Android-Pulgadas-Phablet-certificado-Bluetooth/dp/B07RRHVQCT
49,/-/es/pulgadas-Graphics-Computer-Almacenamiento-Bluetooth/dp/B08MZVJRQF
49,/-/es/port%C3%A1til-Premium-pulgadas-i5-7200U-Bluetooth/dp/B08FSRLDMQ
49,/-/es/m15R1512/dp/B08JHD8ZPS
49,/-/es/dp/B08FXTPCHX
49,/-/es/3-5GHz-Radeon-Webcam-Windows-port%C3%A1til/dp/B07SZ9H38Q
49,/-/es/11-Pro-G5-ordenador-empresarial/dp/B086WJ8JK1
49,/-/es/Flagship-CB3-532-15-6inch-Premium-Chromebook/dp/B06XD3LXXK
49,/-/es/pulgadas-inal%C3%A1mbrico-procesador-pantalla-certificado/dp/B088CWXFSQ
49,/-/es/ligero-Chromebook-AMD-procesador-LPDDR4-Chrome/dp/B07L52DDDQ
49,/-/es/Jumper-Ebook-X3-Ordenadores-port%C3%A1tiles/dp/B08HRZMQJR
49,/-/es/dp/B08T1ZM4VW
49,/-/es/Lenovo-IdeaPad-generaci%C3%B3n-i5-1035G1-Platino/dp/B08W4PJC8J
49,/-/es/pulgadas-port%C3%A1til-i7-5600U-reacondicionado-certificado/dp/B07GCQ9SX6
50,/-/es/Android-Pulgadas-Phablet-certificado-Bluetooth/dp/B07RRHVQCT
50,/-/es/pulgadas-Graphics-Computer-Almacenamiento-Bluetooth/dp/B08MZVJRQF
50,/-/es/port%C3%A1til-Premium-pulgadas-i5-7200U-Bluetooth/dp/B08FSRLDMQ
50,/-/es/m15R1512/dp/B08JHD8ZPS
50,/-/es/dp/B08FXTPCHX
50,/-/es/3-5GHz-Radeon-Webcam-Windows-port%C3%A1til/dp/B07SZ9H38Q
50,/-/es/11-Pro-G5-ordenador-empresarial/dp/B086WJ8JK1
50,/-/es/Flagship-CB3-532-15-6inch-Premium-Chromebook/dp/B06XD3LXXK
50,/-/es/pulgadas-inal%C3%A1mbrico-procesador-pantalla-certificado/dp/B088CWXFSQ
50,/-/es/ligero-Chromebook-AMD-procesador-LPDDR4-Chrome/dp/B07L52DDDQ
50,/-/es/Jumper-Ebook-X3-Ordenadores-port%C3%A1tiles/dp/B08HRZMQJR
50,/-/es/dp/B08T1ZM4VW
50,/-/es/Lenovo-IdeaPad-generaci%C3%B3n-i5-1035G1-Platino/dp/B08W4PJC8J
50,/-/es/pulgadas-port%C3%A1til-i7-5600U-reacondicionado-certificado/dp/B07GCQ9SX6
50,/-/es/BUFFALO-TeraStation-5410DN-Desktop-incluidos/dp/B07BYB1T58
50,/-/es/MSI-GL75-Laptop-Hexa-Core-i7-10750H/dp/B08JPGBCLS
50,/-/es/HP-Chromebook-11A-G8-Education/dp/B08KJKRF2M
50,/-/es/Optiplex-generaci%C3%B3n-i5-10500-Professional-renovado/dp/B08XMZX9FR
50,/-/es/port%C3%A1til-Gaming-i7-8750H-teclado-retroiluminado/dp/B08KYHGFHG
50,/-/es/GPD-Micro-industria-MicroSDXC-Bluetooth/dp/B07QXVF83T
50,/-/es/Tableta-pulgadas-tabletas-Bluetooth-certificada/dp/B08X4G891V
50,/-/es/CB315-3HT/dp/B08LBZRVLG
50,/-/es/pantalla-pulgadas-i5-9300H-retroiluminado-A715-75G-544V/dp/B087BJSC1Q
50,/-/es/dp/B08DJ2KMF6
